key,title,attachment_key,filename
NWNHRIAS,AI-enabled RF-to-THz IC Design Space Discovery and Inverse Design Flow,W7X7RYT9,2025_Sengupta et al_AI-enabled RF-to-THz IC Design Space Dis.pdf
SDKCCR8K,"Deep Learning-Enabled Inverse Design of 30–94 GHz P<sub>sat,3dB</sub> SiGe PA Supporting Concurrent Multiband Operation at Multi-Gb/s",5ZJAPSMP,2022_Liu et al_Deep Learning-Enabled Inverse Design of.pdf
DQV3ZM5N,Inverse design of multilayered pixelated mm-wave power amplifiers,JFNXW8CY,2026_Chenna et al_Inverse design of multilayered pixelated.pdf
SFQ5SCTW,R-INN: An efficient reversible design model for microwave circuit design,KYVSI2IB,2025_Zhang et al_R-INN An efficient reversible design mo.pdf
HUJMTUUW,Performance-oriented broadband inverse design of frequency-selective surfaces using multibranch autoencoders,GPSKHSD4,2026_Jiang et al_Performance-oriented broadband inverse d.pdf
MGAZGNHU,End-to-end machine-learning framework for electromagnetic inverse design: From practical constraints to optimized structures,63IQYHS6,2025_Zhou et al_End-to-end machine-learning framework fo.pdf
J7P6SBX3,Algorithmic design of nonintuitive on-chip multilayered passive networks,3QMKSZ4S,2025_Chenna et al_Algorithmic design of nonintuitive on-ch.pdf
PQNMXUU5,Inference of Suitable for Required Specification Analog Circuit Topology using Deep Learning,4LPZR6UA,2018_Matsuba et al_Inference of Suitable for Required Speci.pdf
9GA23N8V,A Learning-Based Methodology for Microwave Passive Component Design,PD6UKHWD,2023_Ma et al_A Learning-Based Methodology for Microwa.pdf
R5QUQHRJ,Linearization of Quadrature Digital Power Amplifiers by Neural Network of ULR_LSTM: Unsupervised Learning Residual LSTM,KPA5HCDU,2025_Yang et al_Linearization of Quadrature Digital Powe.pdf
FUGFJGEE,Efficient Digital Predistortion Using Sparse Neural Network,NVJSI6XK,2020_Tanio et al_Efficient Digital Predistortion Using Sp.pdf
4TUWNRHM,Evaluation of the Applicability of Neural Networks to Suppress Harmonic Distortion of HF Power Amplifiers,AFWMTGDQ,2019_Pavlov et al_Evaluation of the Applicability of Neura.pdf
DJSBTKP4,SACPlace: Multi-Agent Deep Reinforcement Learning for Symmetry-Aware Analog Circuit Placement,C8KBV2ZC,2025_Cai et al_SACPlace Multi-Agent Deep Reinforcement.pdf
7BKV8WAZ,Analog Layout Placement for FinFET Technology Using Reinforcement Learning,JYDSF6PG,2021_Ahmadi et al_Analog Layout Placement for FinFET Techn.pdf
5JJ4FEHG,Fogging-Effect-Aware Mixed-Signal IC Placement with Reinforcement Learning,5ZWGMFM2,2022_Hajijafari et al_Fogging-Effect-Aware Mixed-Signal IC Pla.pdf
5KN6UMUT,Generative-Neural-Networks-Based PV-Aware Analog Layout Correction,CKL68SRW,2022_Ahmadi et al_Generative-Neural-Networks-Based PV-Awar.pdf
TD2UJDEX,High-Dimensional Many-Objective Bayesian Optimization for LDE-Aware Analog IC Sizing,CKHVMXT5,2022_Liao et al_High-Dimensional Many-Objective Bayesian.pdf
8VDRUKI3,A Parasitic Resistance Extraction Tool Leveraged by Image Processing,VRFRVY64,2022_Dias et al_A Parasitic Resistance Extraction Tool L.pdf
QR3EASTX,Block-Level Power Net Routing of Analog Circuit Using Reinforcement Learning,KRRJFQV3,2023_Kim et al_Block-Level Power Net Routing of Analog.pdf
8TFW5DA5,Practical Layout-Aware Analog/Mixed-Signal Design Automation with Bayesian Neural Networks,XDCXSCBK,2023_Budak et al_Practical Layout-Aware AnalogMixed-Sign.pdf
3QNVZUWM,AI-Enabled Layout Automation for Analog and RF IC: Current Status and Future Directions,E97YF2LK,2024_Wang et al_AI-Enabled Layout Automation for Analog.pdf
V8CDGSSX,Advanced Performance Estimation of Analog Layouts Using Convolutional Neural Networks,BFMQUVXH,2024_Golzan et al_Advanced Performance Estimation of Analo.pdf
EP3HH8RV,Design Space Exploration with Machine Learning Co-Optimization,ZQAACHIQ,2024_Chuang et al_Design Space Exploration with Machine Le.pdf
ANX3424C,Inverse Design of Broadband Optimal Power Amplifiers Enabled by Deep Learning,HBRTCMDZ,2025_Wang et al_Inverse Design of Broadband Optimal Powe.pdf
UNU7967A,Independent Digital Predistortion Parameters Estimation Using Adaptive Principal Component Analysis,TVA3ES24,2018_Lopez-Bueno et al_Independent Digital Predistortion Parame.pdf
VKHHITSD,Learning-based prediction of package power delivery network quality,GMMJBVUV,2019_Cao et al_Learning-based prediction of package pow.pdf
9XSXXPEE,Machine Learning-Driven Framework for Predicting Aging Induced Delay in CMOS Circuits,SNF25N6B,2026_Yogeshwaran et al_Machine Learning-Driven Framework for Pr.pdf
AJB7QNDG,Physics-Informed Machine Learning for Hybrid Optimization of Microwave and RF Devices,LPPCDIUF,2023_Liu et al_Physics-Informed Machine Learning for Hy.pdf
S8VEI4PE,Intrinsic Evolution of Truncated Puiseux Series on a Mixed-Signal Field-Programmable SoC,JCNTHSC2,2016_Thangavel et al_Intrinsic Evolution of Truncated Puiseux.pdf
URTS7MNF,Behavioral Modeling of GaN Doherty Power Amplifiers Using Memoryless Polar Domain Functions and Deep Neural Networks,HCVT2RUI,2020_Khawam et al_Behavioral Modeling of GaN Doherty Power.pdf
47MKISSN,A Generic and Efficient Globalized Kernel Mapping-Based Small-Signal Behavioral Modeling for GaN HEMT,NGMK5QW4,2020_Khusro et al_A Generic and Efficient Globalized Kerne.pdf
ZI83AWMP,A NARX-Inspired Dual-Branch Neural Network Calibration for Pipelined ADC,3UZP86Q3,2026_Zhu et al_A NARX-Inspired Dual-Branch Neural Netwo.pdf
HH982QRE,Parametric Fault Detection of Analogue Circuits Based on Optimized Support Vector Machine Classifier,7GYKXZIB,2018_Saleh et al_Parametric Fault Detection of Analogue C.pdf
C9VCXU7T,Stack-based Ensemble Learning for Performance Indirect Testing of Analog Integrated Circuits,9TC8DYTC,2025_Cao et al_Stack-based Ensemble Learning for Perfor.pdf
GZ6I97A8,Genetic Algorithm Based Faulty Parameter Identification for Linear Analog Circuit,XI8QTRIE,2020_Yang et al_Genetic Algorithm Based Faulty Parameter.pdf
VKZXFM6G,TRAP: Test Generation Driven Classification of Analog/RF ICs Using Adaptive Probabilistic Clustering Algorithm,P3PPPXRD,2016_Deyati et al_TRAP Test Generation Driven Classificat.pdf
B29PBNZV,Proximal Policy Optimization-Based Optimization of Microwave Planar Resonators,ILPFMKWW,2024_Pan et al_Proximal Policy Optimization-Based Optim.pdf
4GHS2HSF,Bayesian Framework for Optimization of Electromagnetics Problems,MXD4QKRR,2018_Torun et al_Bayesian Framework for Optimization of E.pdf
PPUAHER3,Efficient RF Passive Components Modeling with Bayesian Online Learning and Uncertainty Aware Sampling,A5LIK39Z,2026_Zhang et al_Efficient RF Passive Components Modeling.pdf
HQ3IP5X2,INTO-OA: Interpretable Topology Optimization for Operational Amplifiers,KYL7CNHG,2025_Shen et al_INTO-OA Interpretable Topology Optimiza.pdf
G65PP5MV,Parallelizable Bayesian optimization for analog and mixed-signal rare failure detection with high coverage,TTGUQCM9,2018_Hu et al_Parallelizable Bayesian optimization for.pdf
I2N3SS5G,An Efficient Automatic Structure Design Method of Silicon-on-Insulator Lateral Power Device Considering RESURF Constraint,JBLXEBBY,2021_Chen et al_An Efficient Automatic Structure Design.pdf
AW5KK6RH,Parallel Bayesian Active Learning using Dropout for Optimizing High-Speed Channel Equalization,XF7Y67S8,2021_Yang et al_Parallel Bayesian Active Learning using.pdf
PJDBHEZE,Role of Machine Learning in Rapid Modeling of RF Devices: VO2 RF Switch Modeling as a Case Study,SMZNA7K7,2021_Khusro et al_Role of Machine Learning in Rapid Modeli.pdf
NFR2SKC2,Tackling Non-linearity in Cavity Perturbation using Machine Learning Approach,47ILC6ML,2021_Akhter et al_Tackling Non-linearity in Cavity Perturb.pdf
HJIMQ895,Bayesian Deep Active Learning for Analog Circuit Performance Classification,WVAX2VHJ,2022_Zhang et al_Bayesian Deep Active Learning for Analog.pdf
EMZGFSIF,Design of a Ku-Band Single Stage MMIC PA Based on Cluster Guided Bayesian Optimization,LDYHXXCD,2022_Hao et al_Design of a Ku-Band Single Stage MMIC PA.pdf
P5GUFIWP,Design of a Multi-Octave PA Using a Double Optimization Methodology,ZLULYENM,2023_Zhang et al_Design of a Multi-Octave PA Using a Doub.pdf
JBZPXTUK,On the Role of Bayesian Learning for Electronic Design Automation: A Survey,99YLIZAP,2023_Garbuglia et al_On the Role of Bayesian Learning for Ele.pdf
UZXX3VZK,Control Parameter Extraction Model for Reconfigurable Bandpass Filter Based on Bayesian Optimized Multiple-Output XGBoost,HV3QF6WQ,2024_Shi et al_Control Parameter Extraction Model for R.pdf
GDESSW8X,Op-Amp sizing with large number of design variables using TuRBO,I89EIX4C,2024_Masubuchi et al_Op-Amp sizing with large number of desig.pdf
AQZJB6I8,Predicting Parameters of the Metamaterial Antennas based on Machine Learning Model,X7ZUW3AS,2024_Thao et al_Predicting Parameters of the Metamateria.pdf
CBX6QP3A,DIVE: Dynamic Information-Guided Variable Expansion for Deeper Analog Circuit Optimization,MEI2EW62,2025_Liu et al_DIVE Dynamic Information-Guided Variabl.pdf
QMS7S864,Neural-network-based pre-distortion method to compensate for low resolution DAC nonlinearity,4PDT398C,2019_Abu-Romoh et al_Neural-network-based pre-distortion meth.pdf
T4UK9D5D,Comparative Study of Evolutionary Algorithms for a Hybrid Analog Design Optimization with the use of Deep Neural Networks,R8SDLN3T,2020_Elsiginy et al_Comparative Study of Evolutionary Algori.pdf
XBKEW3P9,Machine-Learning Prediction of RF Band-Pass Filter Performance Using Large-Scale Vendor Data,WZ5STCAE,2026_Nadaf et al_Machine-Learning Prediction of RF Band-P.pdf
79BK8995,Hybrid Deep Learning-Based Inverse Design and Structural Estimation of Reconfigurable Microwave Filters,9QHARDPD,2026_Sarkar et al_Hybrid Deep Learning-Based Inverse Desig.pdf
RBDVVSSR,"Intelligent Resonator Design Framework Integrating Vector Fitting, Spurious Score Learning with DNN, and Pareto Optimization for Spurious-Free High-Q Performances",6A7LVU3N,2026_Liu et al_Intelligent Resonator Design Framework I.pdf
MEQKPK3J,Flexible Inverse Design of Microwave Filter Customized on Demand With Wavelet Transform Deep Learning,S5US3VIK,2025_Xu et al_Flexible Inverse Design of Microwave Fil.pdf
BJD3C7IG,Analog Gross Fault Identification in RF Circuits Using Neural Models and Constrained Parameter Extraction,YFTQHB4G,2019_Viveros-Wacher et al_Analog Gross Fault Identification in RF.pdf
E6VVC7R8,Harmonic-Tuned Power Amplifier Using Artificial Intelligence-Assisted Topology Generation Algorithm,7SAZKFU2,2025_Shu et al_Harmonic-Tuned Power Amplifier Using Art.pdf
E282A9V8,Ready-to-Fabricate RF Circuit Synthesis Using a Layout- and Variability-Aware Optimization-Based Methodology,KZQ3P7ZC,2020_Passos et al_Ready-to-Fabricate RF Circuit Synthesis.pdf
W457K44P,Fast Variation-aware Circuit Sizing Approach for Analog Design with ML-Assisted Evolutionary Algorithm,5PFA3VH2,2022_Song et al_Fast Variation-aware Circuit Sizing Appr.pdf
RVCXKTG3,CIS: Conditional Importance Sampling for Yield Optimization of Analog and SRAM Circuits,QVKDRL5K,2024_Liu et al_CIS Conditional Importance Sampling for.pdf
8D34V2HS,Electronic Circuit Fault Diagnosis Based on SCA-SVM,XEQ4FXLL,2018_Jing et al_Electronic Circuit Fault Diagnosis Based.pdf
RN3AXHB2,CausalTuner: Will Causality Help High-Dimensional EDA Tool Parameter Tuning,VGYQEHBQ,2026_Yu et al_CausalTuner Will Causality Help High-Di.pdf
Q5N974RT,FUSIS: Fusing Surrogate Models and Importance Sampling for Efficient Yield Estimation,VITA6ZUS,2025_Liu et al_FUSIS Fusing Surrogate Models and Impor.pdf
4V8JDI8N,Volterra Kernel Extraction Through Monomial Power Series Feed Forward Neural Network for Behavior Modeling of High Speed I/O Buffer,R2WUL5Z8,2019_Wang et al_Volterra Kernel Extraction Through Monom.pdf
WAF4K8QB,A Comparison of Automated RF Circuit Design Methodologies: Online Versus Offline Passive Component Design,WA7PP22L,2018_Passos et al_A Comparison of Automated RF Circuit Des.pdf
ENW535JJ,Frequency-Query Enhanced Electromagnetic Surrogate Modeling with Edge Anti-Aliasing Pixelation for Bandpass Filter Inverse Design,WHK2TY9N,2025_Bi et al_Frequency-Query Enhanced Electromagnetic.pdf
ISZ5ATV5,Instant Gated Recurrent Neural Network Behavioral Model for Digital Predistortion of RF Power Amplifiers,8FDE8M33,2020_Li et al_Instant Gated Recurrent Neural Network B.pdf
QM37W6K3,Vector Decomposed Long Short-Term Memory Model for Behavioral Modeling and Digital Predistortion for Wideband RF Power Amplifiers,X2V7QRTL,2020_Li et al_Vector Decomposed Long Short-Term Memory.pdf
RKJ62CL9,Deep-learning-based inverse-designed millimeter-wave passives and power amplifiers,FKNES7C3,2023_Karahan et al_Deep-learning-based inverse-designed mil.pdf
AP8GSRLN,A Compact 12 to 47 GHz Variable Gain Amplifier With Low Gain/Phase Errors for 5G NR FR2,AK2YASG2,2025_Li et al_A Compact 12 to 47 GHz Variable Gain Amp.pdf
QP992YYK,An 8.3–43 GHz CMOS Low-Noise Amplifier With Wideband Input Matching,66TNZHEN,2025_Li et al_An 8.3–43 GHz CMOS Low-Noise Amplifier W.pdf
4NSF8H3Y,Generative Methods in EDA: Innovations in Dataset Generation and EDA Tool Assistants,6UX2J2MD,2024_Chhabria et al_Generative Methods in EDA Innovations i.pdf
J9WL26F7,LSTP: A logic synthesis timing predictor,9SYL5G9R,2024_Zheng et al_LSTP A logic synthesis timing predictor.pdf
SLAAEB85,A resource-efficient task scheduling system using reinforcement learning : Invited paper,MVPZY9YZ,2024_Morchdi et al_A resource-efficient task scheduling sys.pdf
NA7VCK3D,AC-refiner: Efficient arithmetic circuit optimization using conditional diffusion models,CUL969YT,2026_Xue et al_AC-refiner Efficient arithmetic circuit.pdf
LJPKE4CQ,Synergistic bayesian optimization and reinforcement learning with bidirectional interaction for efficient VLSI constraint tuning,TP79ASXF,2026_Tu et al_Synergistic bayesian optimization and re.pdf
4RV7WAGN,Lorecast: Layout-aware performance and power forecasting from natural language,8EIFNLR5,2026_Wang et al_Lorecast Layout-aware performance and p.pdf
R3IYLESV,LLM-assisted circuit verification: A comprehensive survey,7SPCUPTG,2026_Liu et al_LLM-assisted circuit verification A com.pdf
S6I8CC7H,Neural network based automated design of RF circuits using transfer learning,PGUVQ66G,2025_Martinengo et al_Neural network based automated design of.pdf
8F3NJJ23,Topology-Aware AI for Transistor-Level Modeling of RF Circuits: Opportunities and Challenges,XETQ7ELA,2025_Asadi et al_Topology-Aware AI for Transistor-Level M.pdf
HM4J96S7,A 7.2–29.8 GHz LNA With 1.35–2.67-dB NF Using Coupled-Line-Based Transformers in 0.15- μm GaN-on-SiC Technology,TG82S5QV,2025_Hu et al_A 7.2–29.8 GHz LNA With 1.35–2.67-dB NF.pdf
LHIMDVS5,A 3.23DB average NF and 2.32dB minimum NF V-/E-band common-gate/common-source joint-feeding LNA with three-line coupler input matching for simultaneous noise/power matching,45LDE9KR,2025_Lin et al_A 3.23DB average NF and 2.32dB minimum N.pdf
EUG9SAJE,Design Insights Into Sixth-Order Matching Networks for a 105–175-GHz Ultra-Wideband SiGe BiCMOS LNA,3YYL3VP9,2026_De Filippi et al_Design Insights Into Sixth-Order Matchin.pdf
P6DPS5GK,A compact ka-band bi-directional PA-LNA with 17.4-dBm p<sub>sat</sub> using three-stack power amplifier in 28-nm CMOS,IUH3X78K,2024_Hwang et al_A compact ka-band bi-directional PA-LNA.pdf
Q4X9XGRI,A blocker-tolerant mm-wave MIMO receiver with spatial notch filtering using non-reciprocal phase-shifters for 5G applications,FZES9KW5,2024_Mohin et al_A blocker-tolerant mm-wave MIMO receiver.pdf
JPHDSAVE,Design of 22.6-29.5/ 30.4-43.5 GHz dual-band low power LNA with 2.6-3.8 dB NF for millimeter-wave 5G applications in 28-nm CMOS,CIMTD996,2025_Lin et al_Design of 22.6-29.5 30.4-43.5 GHz dual-.pdf
GLK9T5JK,A D-band LNA exploiting ultra-wideband sixth-order matching networks in SiGe BiCMOS,GZVHUDRD,2024_Filippi et al_A D-band LNA exploiting ultra-wideband s.pdf
X82SFXQS,A 25.6-60.0 GHz LNA with inter-stage magnetic coupling for dual-resonance bandwidth extension in 16nm-FinFET,7PN7MKHA,2024_Yeo et al_A 25.6-60.0 GHz LNA with inter-stage mag.pdf
N7W5T3BL,A 70-to-110 GHz 28-nm CMOS low noise amplifier with 6.1-dB NF minimum using differential noise optimization,LUH3CGIN,2024_Yung-Pei et al_A 70-to-110 GHz 28-nm CMOS low noise amp.pdf
ZYGZBBCE,"A Large-Scale, Low-Power, Compact 5G mm-Wave Phased-Array Transceiver in 45 nm RFSOI CMOS",XYLNTPU9,"2025_Baek et al_A Large-Scale, Low-Power, Compact 5G mm-.pdf"
IKUPBSSE,"An mm-Wave Full-Duplex Front End With Integrated LNA, PA, and Electrical Balance Duplexer",BQF2RDVH,2025_Rizi et al_An mm-Wave Full-Duplex Front End With In.pdf
IXDAZ2F3,A 22.4-to-35-GHz Two-Stage Low-Noise Amplifier With Triple-Coupled Transformer-Based Input Matching Technique in 65-nm CMOS,WYFG5KE3,2025_Zhang et al_A 22.4-to-35-GHz Two-Stage Low-Noise Amp.pdf
MGL8E85B,GranuTopoFormer: Multi-Granular Embedding and Topology-Aware Transformer for Analog Circuit Parameter Prediction,GRVDNUGY,2025_Chen et al_GranuTopoFormer Multi-Granular Embeddin.pdf
QN5JZZVB,cktFormer: Transformer-based approach for automated analog circuit design,7UDFWACI,2025_Dodampegama et al_cktFormer Transformer-based approach fo.pdf
F2GGLJCC,Diffusion-enhanced graph transformer with reinforcement learning for transferable analog circuit optimizer,6G3U4EJW,2025_Lee et al_Diffusion-enhanced graph transformer wit.pdf
GLJIFENF,Schemato – an LLM for netlist-to-schematic conversion,Z5Y4MTEL,2025_Matsuo et al_Schemato – an LLM for netlist-to-schemat.pdf
QMYETEXJ,Netlistify: Transforming circuit schematics into netlists with deep learning,ECGUMA4Y,2025_Huang et al_Netlistify Transforming circuit schemat.pdf
V6D287NB,ARO: Autoregressive operator learning for transferable and multi-fidelity 3D-IC thermal analysis with active learning,4CRTW6W2,2024_Wang et al_ARO Autoregressive operator learning fo.pdf
NZVPMVYS,BPINN-EM: Fast stochastic analysis of electromigration damage using bayesian physics-informed neural networks,4S2VN396,2024_Lamichhane et al_BPINN-EM Fast stochastic analysis of el.pdf
L3I7VBD4,Reinforcement learning-enhanced cloud-based open source analog circuit generator for standard and cryogenic temperatures in 130-nm and 180-nm OpenPDKs,LQVPZV2H,2024_Hammoud et al_Reinforcement learning-enhanced cloud-ba.pdf
47D5BM9E,Building reasoning LLMs for hardware design generation via function-aligned differentiated revision,NEXDTQ4H,2025_Fu et al_Building reasoning LLMs for hardware des.pdf
E9S86BPI,(Invited Paper) AnaFlow: Agentic LLM-based Workflow for Reasoning-Driven Explainable and Sample-Efficient Analog Circuit Sizing,DFDMBEX5,2025_Ahmadzadeh et al_(Invited Paper) AnaFlow Agentic LLM-bas.pdf
I9X2FXMM,GenEDA: Towards generative netlist functional reasoning via cross-modal circuit encoder-decoder alignment,QAN98Q6T,2025_Fang et al_GenEDA Towards generative netlist funct.pdf
WYCTYU3E,TSO-flow: A topology synthesis and optimization workflow for operational amplifiers with invertible graph generative model,AL9Z8BHE,2024_Han et al_TSO-flow A topology synthesis and optim.pdf
6HXR6UTF,Invited paper: Multi-agent generative synthesis for analog/RF circuit: from scalable topology generation to efficient inverse design,DGV9U6K6,2025_Wang et al_Invited paper Multi-agent generative sy.pdf
E9JGV5F9,Invited Paper: Towards Generative AI for Analog and RF IC Design: From Spec to Layout,RZSVR8S4,2025_Chae et al_Invited Paper Towards Generative AI for.pdf
EAFUGZ23,EasyACIM: An end-to-end automated analog CIM with synthesizable architecture and agile design space exploration,IIS9VF2T,2024_Zhang et al_EasyACIM An end-to-end automated analog.pdf
HKAY93TA,Late breaking results: Circuit-algorithm co-design for learnable audio analog front-end,7U4BPSSV,2024_Hu et al_Late breaking results Circuit-algorithm.pdf
KCRQSG5A,CircuitVAE: Efficient and scalable latent circuit optimization,QDVBA4AI,2024_Song et al_CircuitVAE Efficient and scalable laten.pdf
UKMG2HQM,BNN-YEO: An efficient bayesian neural network for yield estimation and optimization,MQTRECSP,2024_Dou et al_BNN-YEO An efficient bayesian neural ne.pdf
AUXABE28,Multi-agent yield analysis for circuit design,ZTFADNIM,2025_Qin et al_Multi-agent yield analysis for circuit d.pdf
78J2TNSW,Hardware generation with high flexibility using reinforcement learning enhanced LLMs,BRXZ86H8,2025_Zhao et al_Hardware generation with high flexibilit.pdf
L3UY4ZV6,EVDMARL: Efficient value decomposition-based multi-agent reinforcement learning with domain-randomization for complex analog circuit design migration,XT52V333,2024_Sun et al_EVDMARL Efficient value decomposition-b.pdf
SSPV7QIP,PVTSizing: A TuRBO-RL-based batch-sampling optimization framework for PVT-robust analog circuit synthesis,E9IJYN6E,2024_Kong et al_PVTSizing A TuRBO-RL-based batch-sampli.pdf
TZT7F47C,Late breaking results: Breaking symmetry— unconventional placement of analog circuits using multi-level multi-agent reinforcement learning,PQWSJAPE,2025_Maji et al_Late breaking results Breaking symmetry.pdf
VNUVFBZJ,GLOVA: Global and local variation-aware analog circuit design with risk-sensitive reinforcement learning,77Q5IM7T,2025_Kim et al_GLOVA Global and local variation-aware.pdf
8F6MVFXF,Graph-guided transfer learning to boost the efficiency of system-level optimization of analog/mixed-signal circuits,MPWIEM7W,2025_Wang et al_Graph-guided transfer learning to boost.pdf
EKGPY65Z,Performance-driven analog routing via heterogeneous 3DGNN and potential relaxation,NWMJIBTD,2024_Xu et al_Performance-driven analog routing via he.pdf
K9CBIWFT,CDLS: Constraint driven generative AI framework for analog layout synthesis,SQMVNHNL,2024_Mangalagiri et al_CDLS Constraint driven generative AI fr.pdf
WI5KKN2L,SMART: Graph Learning-Boosted Subcircuit Matching for Large-Scale Analog Circuits,QW3PP5NI,2025_Tu et al_SMART Graph Learning-Boosted Subcircuit.pdf
HLBBARXS,Automated Topology Synthesis of Analog Integrated Circuits With Frequency Compensation,VZX3SD4T,2025_Zhao et al_Automated Topology Synthesis of Analog I.pdf
ZR7NRSTL,Timing-Driven Technology Mapping Approximation Based on Reinforcement Learning,F6S3LMNM,2024_Ye et al_Timing-Driven Technology Mapping Approxi.pdf
FMUT7L5N,An Updated Assessment of Reinforcement Learning for Macro Placement,W9ZXKM5E,2025_Cheng et al_An Updated Assessment of Reinforcement L.pdf
9BFC6DEN,TransMap: Transformer-Enhanced Divide-and-Conquer Reinforcement Learning Framework for Efficient CGRA Compilation,NAEJECKB,2026_Li et al_TransMap Transformer-Enhanced Divide-an.pdf
JPSV23EG,Towards Efficient ECO Automation: Timing and DRCs Concurrent Optimization Using Reinforcement Learning,TBP23VT3,2026_Xu et al_Towards Efficient ECO Automation Timing.pdf
9SNFW8UM,NeuroSchedule2.0: A Novel GNN-based Scheduling Method with RL-based Preprocessing Optimization for High-level Synthesis,NFA5L6UV,2026_Zeng et al_NeuroSchedule2.0 A Novel GNN-based Sche.pdf
RK8TEF6W,Frequency Domain Modeling of Interconnects Based on Assemble Neural Network for 3D Integration,G6JZGHKM,2025_Ye et al_Frequency Domain Modeling of Interconnec.pdf
DD98LDIG,Nonintrusive Data-Driven Model Order Reduction for Circuits Based on Hammerstein Architectures,FZ24GVM2,2025_Hanson et al_Nonintrusive Data-Driven Model Order Red.pdf
6DY7ELFK,MMM: Machine learning-based macro-modeling for linear analog ICs and ADC/DACs,W42XQ3MR,2023_Lin et al_MMM Machine learning-based macro-modeli.pdf
34LZTZFW,High-Dimensional Yield Optimization for Analog Circuits via Monte Carlo Tree Search and Self-Regressive Auto-Encoder Promoted Subspace Decomposed Gaussian Process,HFPLNS65,2026_Chen et al_High-Dimensional Yield Optimization for.pdf
YVS28U2Z,A Hybrid Multipopulation Algorithm for Efficient Analog Circuit Optimization,JTAMPJIT,2026_Li et al_A Hybrid Multipopulation Algorithm for E.pdf
SMPAJKRJ,Trade-off-aware Analog Circuit Sizing Based on A Multitask Surrogate Model-assisted Evolutionary Algorithm,B8KXIDDS,2026_Chen et al_Trade-off-aware Analog Circuit Sizing Ba.pdf
XFNKGQWA,BBGP-sDFO: Batch Bayesian and Gaussian Process Enhanced Subspace Derivative Free Optimization for High-Dimensional Analog Circuit Synthesis,3WHX5S4M,2024_Gu et al_BBGP-sDFO Batch Bayesian and Gaussian P.pdf
UE9AD2HR,VTSMOC: An Efficient Voronoi Tree Search Boosted Multiobjective Bayesian Optimization With Constraints for High-Dimensional Analog Circuit Synthesis,48KUKEMQ,2025_Zhao et al_VTSMOC An Efficient Voronoi Tree Search.pdf
JQPECK33,LLM-USO: Large Language Model-Based Universal Sizing Optimizer,MREQCLXP,2026_Somayaji et al_LLM-USO Large Language Model-Based Univ.pdf
VJMPVVCA,AnalogCoder-Pro: Unifying Analog Circuit Generation and Optimization via Multi-modal LLMs,B84YNDTM,2026_Lai et al_AnalogCoder-Pro Unifying Analog Circuit.pdf
ANICY8BD,AnaCraft: Duel-Play Probabilistic-Model-Based Reinforcement Learning for Sample-Efficient PVT-Robust Analog Circuit Sizing Optimization,PKWMPSKM,2026_Ahmadzadeh et al_AnaCraft Duel-Play Probabilistic-Model-.pdf
ZT27T3PU,Atelier: An automated analog circuit design framework via multiple large language model-based agents,X4WG3G2R,2025_Shen et al_Atelier An automated analog circuit des.pdf
7D6RD472,FARFLAG: Fully automatic radio-frequency layout generation and its application to design of CMOS millimeter-wave low-noise amplifiers,V3CPNXAY,2026_Wang et al_FARFLAG Fully automatic radio-frequency.pdf
UWHEBDML,Even-harmonic class-E CMOS oscillator,VSCIHRJ6,2022_Barzgari et al_Even-harmonic class-E CMOS oscillator.pdf
T8BP593U,Class-G impedance-modulation multi-core power oscillator for high p<sub>out</sub> and power back-off efficiency enhancement,ITPIKFL4,2025_Shu et al_Class-G impedance-modulation multi-core.pdf
ZAUWH8RZ,An efficient SRAM yield analysis using scaled-sigma adaptive importance sampling,7LPM5UNU,2020_Pang et al_An efficient SRAM yield analysis using s.pdf
ZD98CHA4,RELIC-FUN: Logic identification through functional signal comparisons,2PBXVKY6,2020_Geist et al_RELIC-FUN Logic identification through.pdf
FV78XMNV,From Global Route to Detailed Route: ML for Fast and Accurate Wire Parasitics and Timing Prediction,89T8XDA4,2022_Chhabria et al_From Global Route to Detailed Route ML.pdf
69MD8VT3,Physics-informed neural networks: A deep learning framework for solving forward and inverse problems involving nonlinear partial differential equations,Y3KCITAY,2019_Raissi et al_Physics-informed neural networks A deep.pdf
Q4ID2LEK,“Why Should I Trust You?”: Explaining the Predictions of Any Classifier,932WSINP,2016_Ribeiro et al_“Why Should I Trust You” Explaining th.pdf
G65P5BL5,"Explainable AI: Interpreting, Explaining and Visualizing Deep Learning",XHVTBGRY,"2019_Explainable AI Interpreting, Explaining.pdf"
Y3WCHZXD,Invited Paper: CircuitOps: An ML Infrastructure Enabling Generative AI for VLSI Circuit Optimization,WJXNGFC5,2023_Liang et al_Invited Paper CircuitOps An ML Infrast.pdf
JRQAU5Q3,EDA-ML: Graph Representation Learning Framework for Digital IC Design Automation,VA9L5FUG,2024_Shrestha et al_EDA-ML Graph Representation Learning Fr.pdf
RE2UJ6VN,EDA-schema: A Graph Datamodel Schema and Open Dataset for Digital Design Automation,2UVB2U87,2024_Shrestha et al_EDA-schema A Graph Datamodel Schema and.pdf
8IV4E837,MAGICAL: An Open- Source Fully Automated Analog IC Layout System from Netlist to GDSII,QUP7H7ML,2021_Chen et al_MAGICAL An Open- Source Fully Automated.pdf
YQEY668P,ALIGN: A System for Automating Analog Layout,2WGH8JFV,2021_Dhar et al_ALIGN A System for Automating Analog La.pdf
NGRUEL8F,Globally Reliable Variation-Aware Sizing of Analog Integrated Circuits via Response Surfaces and Structural Homotopy,Z38AA8UJ,2009_McConaghy et al_Globally Reliable Variation-Aware Sizing.pdf
3UVK4AC6,Robust Analog/RF Circuit Design With Projection-Based Performance Modeling,2D2794FX,2007_Li et al_Robust AnalogRF Circuit Design With Pro.pdf
EI672F73,Variation-aware Analog Circuit Sizing with Classifier Chains,PCWBARZX,2021_Wu et al_Variation-aware Analog Circuit Sizing wi.pdf
B36NIQ6C,An Efficient Batch-Constrained Bayesian Optimization Approach for Analog Circuit Synthesis via Multiobjective Acquisition Ensemble,5I2PV3IG,2022_Zhang et al_An Efficient Batch-Constrained Bayesian.pdf
78QQN75F,Efficient Performance Trade-off Modeling for Analog Circuit based on Bayesian Neural Network,2ZPFY2P6,2019_Gao et al_Efficient Performance Trade-off Modeling.pdf
RRARXM96,An Efficient Bayesian Optimization Approach for Automated Optimization of Analog Circuits,W4NUPLLU,2018_Lyu et al_An Efficient Bayesian Optimization Appro.pdf
CNHZAJ2B,LayoutCopilot: An LLM-Powered Multiagent Collaborative Framework for Interactive Analog Layout Design,D8SRDHXE,2025_Liu et al_LayoutCopilot An LLM-Powered Multiagent.pdf
T44SNH4F,A Large Language Model-based Multi-Agent Framework for Analog Circuits’ Sizing Relationships Extraction,DMIXC7RJ,2025_Liu et al_A Large Language Model-based Multi-Agent.pdf
HVBHDMHW,MenTeR: A fully-automated Multi-agenT workflow for end-to-end RF/Analog Circuits Netlist Design,G4VBZKDQ,2025_Chen et al_MenTeR A fully-automated Multi-agenT wo.pdf
5IC8JC3U,Atelier: An Automated Analog Circuit Design Framework via Multiple Large Language Model-Based Agents,22TNYTML,2026_Shen et al_Atelier An Automated Analog Circuit Des.pdf
SNUF7FTB,Graph Representation Learning for Parasitic Impedance Prediction of the Interconnect,LTNEABXM,2023_Shrestha et al_Graph Representation Learning for Parasi.pdf
7ADWLCKQ,From Global Route to Detailed Route: ML for Fast and Accurate Wire Parasitics and Timing Prediction,EAC7FCSU,2022_Chhabria et al_From Global Route to Detailed Route ML.pdf
9LG8X7YB,TAG,4BLQRYYW,2022_Zhu et al_TAG.pdf
H4WWSQZK,MLParest: Machine Learning based Parasitic Estimation for Custom Circuit Design,AMSVI5RS,2020_Shook et al_MLParest Machine Learning based Parasit.pdf
629X28ST,Pre-Layout Parasitic-Aware Design Optimizing for RF Circuits Using Graph Neural Network,B2CWXXI3,2023_Li et al_Pre-Layout Parasitic-Aware Design Optimi.pdf
J7XMG8TC,Trans-Net: Knowledge-Transferring Analog Circuit Optimizer with a Netlist-Based Circuit Representation,JDV2NRQI,2024_Lee et al_Trans-Net Knowledge-Transferring Analog.pdf
IQYFMWJV,AutoCkt: Deep Reinforcement Learning of Analog Circuit Designs,Y75UVNNW,2020_Settaluri et al_AutoCkt Deep Reinforcement Learning of.pdf
LBYPM4EL,Signal-Division-Aware Analog Circuit Topology Synthesis Aided by Transfer Learning,NEQ8RVBI,2023_Zhao et al_Signal-Division-Aware Analog Circuit Top.pdf
4DR5QQUF,Transfer of Performance Models Across Analog Circuit Topologies with Graph Neural Networks,KZPLH4I8,2022_Wu et al_Transfer of Performance Models Across An.pdf
YAQYZRB6,Transfer Learning for Reuse of Analog Circuit Sizing Models Across Technology Nodes,2L6UBGTH,2022_Wu et al_Transfer Learning for Reuse of Analog Ci.pdf
JKLN42KB,ParaGraph: Layout Parasitics and Device Parameter Prediction using Graph Neural Networks,7ZUZE66L,2020_Ren et al_ParaGraph Layout Parasitics and Device.pdf
D8QADPQI,Universal Symmetry Constraint Extraction for Analog and Mixed-Signal Circuits with Graph Neural Networks,PKQSII25,2021_Chen et al_Universal Symmetry Constraint Extraction.pdf
SCQC22Y6,Edge-weighted Graph Neural Networks for Post-placement Interconnect Capacitance Estimation of Analog Circuits,ZTTG8UQK,2024_Wu et al_Edge-weighted Graph Neural Networks for.pdf
NIL29RNS,GANA: Graph Convolutional Network Based Automated Netlist Annotation for Analog Circuits,EDM875P9,2020_Kunal et al_GANA Graph Convolutional Network Based.pdf
G8XKV5WV,A customized graph neural network model for guiding analog IC placement,YFFGALTQ,2020_Li et al_A customized graph neural network model.pdf
BMKLR8C9,Circuit-GNN: A Graph Neural Network for Transistor-level Modeling of Analog Circuit Hierarchies,92AGGQGL,2023_Wu et al_Circuit-GNN A Graph Neural Network for.pdf
BYHA7227,RobustAnalog: Fast Variation-Aware Analog Circuit Design Via Multi-task RL,JVK3W9SR,2022_Shi et al_RobustAnalog Fast Variation-Aware Analo.pdf
WILWQMIP,RoSE-Opt: Robust and Efficient Analog Circuit Parameter Optimization With Knowledge-Infused Reinforcement Learning,6LHZE9J2,2025_Cao et al_RoSE-Opt Robust and Efficient Analog Ci.pdf
KWVC9B83,Automated Design of Complex Analog Circuits with Multiagent based Reinforcement Learning,4479JFZS,2023_Zhang et al_Automated Design of Complex Analog Circu.pdf
G5HI4RII,Multiagent Based Reinforcement Learning (MA-RL): An Automated Designer for Complex Analog Circuits,YBQUVYU4,2024_Bao et al_Multiagent Based Reinforcement Learning.pdf
T7MKNMHM,Analog Integrated Circuit Topology Synthesis With Deep Reinforcement Learning,CD9FUVDE,2022_Zhao et al_Analog Integrated Circuit Topology Synth.pdf
H7MJDH96,GCN-RL Circuit Designer: Transferable Transistor Sizing with Graph Neural Networks and Reinforcement Learning,222T4HRB,2020_Wang et al_GCN-RL Circuit Designer Transferable Tr.pdf
M9CPG8Z8,Design of SIW Filters in D-band Using Invertible Neural Nets,7QMWHXBX,2020_Yu et al_Design of SIW Filters in D-band Using In.pdf
8LS9UTQL,Deep neural networks via complex network theory: A perspective,E5V7YMBP,2024_Malfa et al_Deep neural networks via complex network.pdf
CP8VVSPV,"A comprehensive survey on artificial intelligence for complex network: Potential, methodology and application",WAQ5P78Z,2025_Ding et al_A comprehensive survey on artificial int.pdf
JN5K6BBM,Automated transformer selection for RFIC design: Accelerating development with a comprehensive database,QC7CFNUV,2025_Torres-Clarke et al_Automated transformer selection for RFIC.pdf
ZNEFKLRX,The Pixelated Metasurface: A Novel Component Design Approach,4S9AAB4X,2025_Arsanjani et al_The Pixelated Metasurface A Novel Compo.pdf
4IX6C572,AI enabling discovery and design of radio and high-frequency wireless chips beyond human intuition,QUXGHYKS,AI_Enabling_Discovery_and_Design_of_Radio_and_High-Frequency_Wireless_Chips_Beyond_Human_Intuition.pdf
ZAVMLBFA,AI-assisted deep-learning-based design of high-efficiency class F power amplifiers,HKVZ5XL3,2025_Zhou et al_AI-assisted deep-learning-based design o.pdf
LBM8QJW4,Design of two stage low noise amplifier at 2.4 - 2.5 GHz frequency using microstrip line matching network method,5T4QIC6S,2019_Maruddani et al_Design of two stage low noise amplifier.pdf
XEQLIQA9,Ultra-low noise and highly linear two-stage low noise amplifier (LNA),M87YIPDY,Cherukumudi et al_Ultra-low noise and highly linear two-st.pdf
WUSEH9V9,Determinantal point processes for machine learning,5MIVRL8A,2012_Kulesza et al_Determinantal point processes for machin.pdf
999FM5HF,On the accuracy of the wyner model in cellular networks,NP659YJI,2010_Xu et al_On the accuracy of the wyner model in ce.pdf
7NXSJFJ8,A novel low-power notch-enhanced active filter for ultrawideband interferer rejected LNA,RI8PZ6RK,2021_Li et al_A novel low-power notch-enhanced active.pdf
8DT55U2X,An X-band CMOS low-noise amplifier with low-power and high-efficiency linearization,6X44KZHI,2024_Li et al_An X-band CMOS low-noise amplifier with.pdf
I2CNL2KJ,Knowledge-Aided Automated Synthesis for Broadband Power Amplifier With Transformer-Coupled Resonators,IDZEHSLT,2024_Huang et al_Knowledge-Aided Automated Synthesis for.pdf
GZQ5W6IQ,An <i>X</i> -band low-phase-noise class-F<sub>23</sub> VCO without manual harmonic tuning based on switched-transformer and wideband common-mode resonance,6C73SN5G,2024_Li et al_An X -band low-phase-noise class-.pdf
9WUPGR5Q,A class-F VCO with ultra-low-power and low-phase-noise by reactivating the common-mode coupling factor in a 1:2 transformer,8RJMZGLK,2026_Song et al_A class-F VCO with ultra-low-power and l.pdf
XYQ348IF,Dual-band dual-polarization horn antenna array based on orthomode transducers with high isolation for satellite communication,4QI4RLAC,2022_Zhang et al_Dual-band dual-polarization horn antenna.pdf
KMKX4XYR,Using drawing to diagnose children's scientific concept learning a study based on several preferences of children's scientific drawing,ZZZKSK2L,Using Drawing to Diagnose Children's Scientific Concept Learning.pdf
ZCLKZFL3,Machine learning approaches for transformer modeling,Q4YWGF2Q,2022_Passos et al_Machine learning approaches for transfor.pdf
YTCN89RC,The next-generation of circuit simulation in RF EDA,ATZ32W5X,The next-generation of circuit simulatio.pdf
PC5XTCSG,AI-Assisted Automatic Design Methods for Antennas and RF Circuits Based on Deep Learning,7H7FTNU6,2024_Cai et al_AI-Assisted Automatic Design Methods for.pdf
XHWK7MUC,Parasitic-aware analog circuit sizing with graph neural networks and bayesian optimization,Y39R7NSD,2021_Liu et al_Parasitic-aware analog circuit sizing wi.pdf
PRJ7L3ES,Comprehensive mapping of continuous/switching circuits in CCM and DCM to machine learning domain using homogeneous graph neural networks,J9S9KAPP,2023_Khamis et al_Comprehensive mapping of continuousswit.pdf
GYJ8JZK3,Optimize gate-all-around devices using wide neural network-enhanced bayesian optimization,4C67LDDV,2025_Shen et al_Optimize gate-all-around devices using w.pdf
PDWUDR92,融合先验知识与机器学习的天线与阵列智能综合技术,DC9J6MJP,2026_陈炜琦_融合先验知识与机器学习的天线与阵列智能综合技术.pdf
I8UMKIGW,GNN-based hierarchical annotation for analog circuits,ZB44JGG5,2023_Kunal et al_GNN-based hierarchical annotation for an.pdf
4E7QK9ZL,"Generative AI for deep reinforcement learning: Framework, analysis, and use cases",2YYFLM7Y,2025_Sun et al_Generative AI for deep reinforcement lea.pdf
9YT9IR6M,Design of an Oversampling High-Speed Serial Link Transceiver: ASIC Data Interface Prototype,IQ3SMTYV,Toivanen et al_Design of an Oversampling High-Speed Ser.pdf
JQBVMXZQ,Ψ-HDL: Physics structure-informed neural networks for hardware description language generation,FY9FETU3,2026_Jurj et al_Ψ-HDL Physics structure-informed neural.pdf
PG3PIJVG,Emerging ML-AI techniques for analog and RF EDA,EVZUE9BW,Wu et al_Emerging ML-AI techniques for analog and.pdf
ZYYR64PB,Machine-learning-based generative optimization method and its application to an antenna decoupling design,JKZQM454,2023_Huang et al_Machine-learning-based generative optimi.pdf
P93J9V5R,Design of tree-shaped decoupling structure based on generative nonadversarial networks for antennas in IoT applications,HRWXFCKA,2026_Li et al_Design of Tree-Shaped Decoupling Structu.pdf
87S3G263,Fully automated design method based on reinforcement learning and surrogate modeling for antenna array decoupling,F4HF6QU3,2023_Wei et al_Fully automated design method based on r.pdf
I6RQMIYP,AI-powered terahertz VLSI testing technology for ensuring hardware security and reliability,HANRFNJH,2021_Akter et al_AI-powered terahertz VLSI testing techno.pdf
JXA3PPLG,Indoor coverage experiment with beam steering and hybrid-DNN demodulator on sub-THz transmission under hardware impairment,3L84T32F,2025_Kuriyama et al_Indoor coverage experiment with beam ste.pdf
LQNHK8EP,Digitally tunable CMOS mixer design for adaptive RF front-ends,CAPVHJZ6,2025_Das et al_Digitally tunable CMOS mixer design for.pdf
UVG5RDP8,An in-field programmable adaptive CMOS LNA for intelligent IoT sensor node applications,XDY2BZCP,2022_Shafiee et al_An in-field programmable adaptive CMOS L.pdf
BSS4KUBE,AI-enabled RF-to-THz IC design space discovery and inverse design flow,436S48NY,2025_Sengupta et al_AI-enabled RF-to-THz IC design space dis.pdf
K2TZ97WT,Deep learning-based device twin model and its testing applications,YS3XDNX3,2025_Yu et al_Deep learning-based device twin model an.pdf
ZRLXQXJB,Filter performances for 5G bands based on SCAW design on POI,DMS7WGCP,2024_Ballandras et al_Filter performances for 5G bands based o.pdf
R9HDD54V,Deep learning-assisted RFIC design with dual-metal-layer passive matching networks: A 15-22 GHz CMOS PA for 6G in 22nm FDX+,BCWUL66K,2025_Chu et al_Deep learning-assisted RFIC design with.pdf
MDZBE6LN,Analysis and design of a CMOS LNA with transformer-based integrated notch filter for <i>ku</i> -band satellite communications,BX4KDJ38,2022_Zhang et al_Analysis and design of a CMOS LNA with t.pdf
7C5VWXUM,A compact <i>E</i> -band load-modulation balanced power amplifier in 65-nm CMOS,8CBVH5VN,2024_Huang et al_A compact E -band load-modulation.pdf
B3ZRBCST,Multiobjective fitness functions with nonlinear switching for antenna optimizations,8JS95F9P,2022_Khan et al_Multiobjective fitness functions with no.pdf
HQ8H4XFQ,A 4.4-mW 19–46-GHz low-noise amplifier with pole-converging gain flattening and triple-resonance input matching,XBKWHDE9,2024_Fu et al_A 4.4-mW 19–46-GHz low-noise amplifier w.pdf
QGC3FK8P,Ultralow noise figure and broadband CMOS LNA with three-winding transformer and large transistor,XPE8A7RN,2024_Kim et al_Ultralow noise figure and broadband CMOS.pdf
VJ3D4VLV,Design and Analysis of a 22.6-to-73.9 GHz Low-Noise Amplifier for 5G NR FR2 and NR-U Multiband/Multistandard Communications,D44TBTM8,2025_Zhao et al_Design and Analysis of a 22.6-to-73.9 GH.pdf
D7894E6Q,A 26-to-39GHz broadband ultra-compact high-linearity switchless hybrid N/PMOS bi-directional PA/LNA front-end for multi-band 5G large-scaled MIMO system,4MDHVB5P,2022_Park et al_A 26-to-39GHz broadband ultra-compact hi.pdf
R7JYJR4M,5.10 a 3.5mW mm-wave low-noise active bandpass filter employing an all-passive interferer-cancellation feedforward path,PW39Q3GG,2025_Gadelkarim et al_5.10 a 3.5mW mm-wave low-noise active ba.pdf
JPTHRC5G,A blocker-tolerant mm-wave low-noise amplifier utilizing doherty active load modulation for linearity enhancement,J4YH3DFN,2025_Yu et al_A blocker-tolerant mm-wave low-noise amp.pdf
WC8Z8MV8,32.4 a 67.8-to-108.2GHz power amplifier with a three-coupled-line-based complementary-gain-boosting technique achieving 442GHz GBW and 23.1% peak PAE,39SRMEPC,2024_Wu et al_32.4 a 67.8-to-108.2GHz power amplifier.pdf
EPUR4AGF,A 10–110 GHz LNA with 19-25.5 dB gain and 4.8-5.3 dB NF for ultra-wideband applications in 90nm SiGe HBT technology,Z2DFIN2W,2021_Kazan et al_A 10–110 GHz LNA with 19-25.5 dB gain an.pdf
EGF5CMGG,"A power-efficient, F-band, 6.5-dB NF, staggered-tuned, inverter-based CMOS LNA for 6G receivers",2A2CV23C,"2024_Hassan et al_A power-efficient, F-band, 6.5-dB NF, st.pdf"
UDJYUQVI,A 300-GHz fundamental oscillator in 65-nm CMOS technology,IW32ZZ9I,2011_Razavi et al_A 300-GHz fundamental oscillator in 65-n.pdf
JSTSQJH3,25.3 AI-enabled design space discovery and end-to-end synthesis for RFICs with reinforcement learning and inverse methods demonstrating mm-wave/sub-THz PAs between 30 and 120GHz,2B2CY7V3,2025_Zhou et al_25.3 AI-enabled design space discovery a.pdf
2R7YKZHP,An inverse-designed passively coupled N-path filter with gm-boosted active HBT switches,WJYH8KCC,2026_Chenna et al_An inverse-designed passively coupled N-.pdf
6H4JHW8Q,"HYDAR: A 390K QPS, 1574K QPS/W hybrid analog/digital compute-in-RRAM accelerator for efficient recommendation system",YASZLGII,"2026_Li et al_HYDAR A 390K QPS, 1574K QPSW hybrid an.pdf"
2V4HC53I,AI-enabled end-to-end design in RFICs with controllable architectural style from ‘classical’ to ‘non-intuitive’ for mm-wave/sub-THz LNAs,LLSEAM2C,2026_Zhou et al_AI-enabled end-to-end design in RFICs wi.pdf
U5P8AG6Q,1016-clause analog k-SAT solver,A32DZJ72,2026_Wormald et al_1016-clause analog k-SAT solver.pdf
JGR7FL5R,13.2 AI-enabled end-to-end design in RFICs with controllable architectural style from ‘classical’ to ‘non-intuitive’ for mm-wave/sub-THz LNAs,XXNYJ36D,2026_Zhou et al_13.2 AI-enabled end-to-end design in RFI.pdf
7JBGW76X,"13.1 HYDAR: A 390K QPS, 1574K QPS/W hybrid analog/digital compute-in-RRAM accelerator for efﬁcient recommendation system",T8Q7I8C2,"2026_Li et al_13.1 HYDAR A 390K QPS, 1574K QPSW hybr.pdf"
YMQJZJ55,A Nonintuitively Frequency-Staggered Wideband mm-Wave Low-Noise Amplifier,IBSNFCDZ,2026_Chenna et al_A Nonintuitively Frequency-Staggered Wid.pdf
433JJ2YR,13.4 an inverse-designed passively coupled N-path filter with gm-boosted active HBT switches,DADIVZR3,2026_Chenna et al_13.4 an inverse-designed passively coupl.pdf
DYDLWPSW,13.3 Medusa: A Quantum-Inspired 200-Variable 1016-Clause Analog k-SAT Solver,B3YDNEF3,2026_Wormald et al_13.3 Medusa A Quantum-Inspired 200-Vari.pdf
ICKXJRA7,Automated neural-network-based model generation algorithms for microwave applications,RULBCC4T,2025_Na et al_Automated neural-network-based model gen.pdf
EFQQBDKF,A comprehensive review of machine learning approaches for semiconductor device modeling and simulation,TR24MAD3,2025_Mamun et al_A comprehensive review of machine learni.pdf
KQ4PKWJF,Cloud removal method for remote sensing images based on SAR-guided conditional diffusion model and style adaptation,R8Y5CU4K,2025_Chen et al_Cloud removal method for remote sensing.pdf
2UKQS26I,Multimodal issues and key technologies in ocean observation data: A review,GQ7EFC4Y,2025_Nie et al_Multimodal issues and key technologies i.pdf
67W8PJZP,"Guest editorial: Special cluster on artificial intelligence in design, optimization and measurement of antennas and periodic structures",GCMBFAJX,2025_Lin et al_Guest editorial Special cluster on arti.pdf
XHXLDDWM,A diffusion model for multi-layered metasurface unit cell synthesis,D8EJBIES,2023_Niu et al_A diffusion model for multi-layered meta.pdf
QTD2FDXX,Multisensor diffusion-driven optical image translation for large-scale applications,8EWWI4PY,2025_Vinholi et al_Multisensor diffusion-driven optical ima.pdf
NZ6RVA2M,"Advancements in speech recognition: A systematic review of deep learning transformer models, trends, innovations, and future directions",U9QFGMX7,2025_Sharrab et al_Advancements in speech recognition A sy.pdf
NCDJWILP,Optimization of antenna array configurations using deep learning,A4LZX85N,2025_Lin Yi Lu et al_Optimization of antenna array configurat.pdf
T8BV5SAD,Adaptive impedance-matching techniques for ControllingLNetworks,2TAF5PB3,2010_van Bezooijen et al_Adaptive impedance-matching techniques f.pdf
S6Q3CA53,Simulation and automated modeling of microwave circuits: State-of-the-art and emerging trends,4DPP47H5,2021_Zhang et al_Simulation and automated modeling of mic.pdf
R4P2HYWA,Multiphysics parametric modeling of microwave components using combined neural networks and transfer function,NEXTKZDA,2020_Zhang et al_Multiphysics parametric modeling of micr.pdf
UJBE34SI,Parametric modeling of EM behaviors of microwave components using combined neural networks and pole-residue transfer functions,E7F7GH42,Feng et al_Parametric modeling of EM behaviors of m.pdf
M9FY7I3I,Parametric modeling of EM behavior of microwave components using combined neural networks and pole-residue-based transfer functions,CQIAIKIM,2016_Feng et al_Parametric modeling of EM behavior of mi.pdf
DAR43TUM,Artificial neural network (ANN) based fast and accurate inductor modeling and design,VTERUFX9,2020_Guillod et al_Artificial neural network (ANN) based fa.pdf
XGLQ4EKS,Bayesian active learning for optimization and uncertainty quantification in protein docking,NAT74LDE,Bayesian active learning for optimizatio.pdf
TITRFAG2,Bayesian-based automated model generation method for neural network modeling of microwave components,MH53RELY,2021_Cui et al_Bayesian-based automated model generatio.pdf
523WB77C,A novel deep-Q-network-based fine-tuning approach for planar bandpass filter design,RPLP2S4Z,2021_Ohira et al_A novel deep-Q-network-based fine-tuning.pdf
UCYV8P49,Inverse design of on-chip interconnect via transfer learning-based deep neural networks,KZJNEDR8,2023_Zhang et al_Inverse design of on-chip interconnect v.pdf
NYG2PGH5,Generative AI for planar substrate integrated waveguide microwave filters: Autonomous circuit synthesis with coupling-controlled topology generation,HAAHX99N,2026_Zhang et al_Generative AI for planar substrate integ.pdf
HVUCJ2YR,Radio‐frequency integrated‐circuit engineering,2IWU36YR,2015_Nguyen et al_Radio‐frequency integrated‐circuit engin.pdf
YVHYY6HW,An efficient high-frequency linear RF amplifier synthesis method based on evolutionary computation and machine learning techniques,Z6Z26MZP,2012_Bo Liu et al_An efficient high-frequency linear RF am.pdf
KNHH4DU4,Machine learning driven inverse design of devices and components for optical communication and sensing systems: A comprehensive review,FKDL6AA5,2026_Khan et al_Machine learning driven inverse design o.pdf
MVLJJ5W8,Algorithmic design of nonintuitive on-chip multilayered passive networks,R46EILWS,2025_Chenna et al_Algorithmic design of nonintuitive on-ch.pdf
P847AD5R,PatternPaint: Practical layout pattern generation using diffusion-based inpainting,K6N7BA7S,2025_Zhou et al_PatternPaint Practical layout pattern g.pdf
Q2J7JVWK,Machine learning-assisted on-chip quadrilateral interleaved transformer automatic synthesis,IEA6KDBK,2023_Wei et al_Machine learning-assisted on-chip quadri.pdf
H7SMP6DP,PCIe 5.0 connector distributed physical-based circuit model with loading resonances for fast SI diagnosis and pathfinding,J3HX8H2W,2025_He et al_PCIe 5.0 connector distributed physical-.pdf
DQ4UK4IK,Review of on-chip inductor structures with magnetic films,LP3DGLT5,2009_Gardner et al_Review of on-chip inductor structures wi.pdf
HA4WTDXT,ASP-DAC 2005 technical program committee,V3UJWVGP,2005_ASP-DAC 2005 technical program committee.pdf
BGSUXGIA,A design methodology for RF/mmWave LNAs in 22 nm FD-SOI with cross-coupling-aware nested inductors and on-chip baluns,UUWTPXA9,2025_Drakakis et al_A design methodology for RFmmWave LNAs.pdf
9IIFY2NX,Neural-network-based automated synthesis of transformer matching circuits for RF amplifier design,I8VD9A8C,2022_Lee et al_Neural-network-based automated synthesis.pdf
JYS7R9PG,Rapid multi-objective inverse design of antenna via deep neural network surrogate-driven evolutionary optimization,M5QRVJPF,2024_Singh et al_Rapid multi-objective inverse design of.pdf
KBZWE6X5,Lene wacher lentz: Secret police investigations on the internet lene WacherLentzSecret police investigations on the InternetOriginal title: politiets hemmelige efterforskning på internettetArticle based PhD dissertationAalborg Universitetsforlag978-87-7210-556-7https://vbn.aau.dk/ws/portalfiles/portal/317174975/PHD_Lene_Wacher_Lentz_E_pdf.pdf: original title: politiets hemmelige efterforskning på internettet. Article based PhD dissertation,QRT6UDIQ,2023_Neumann et al_Lene wacher lentz Secret police investi.pdf
FUFELYDB,Solid-state circuits directions technical committee launches “think impact with ICs” workshop series and “impact community projects” in partnership with EPICS in IEEE [society news],Y3385FIS,2024_Sengupta et al_Solid-state circuits directions technica.pdf
L5CCVH9B,Progression of motivation models in exercise science: Where we have been and where we are heading,4WDHFGV3,2020_Tenenbaum et al_Progression of motivation models in exer.pdf
2Z7XJI8U,A comprehensive review on next-generation modeling and optimization for semiconductor devices,JV8XSVEP,2025_Raut et al_A comprehensive review on next-generatio.pdf
R3NXR745,Environmental impact of generative AI: Carbon and water footprint,SQWEVWHW,2025_Sidorkin et al_Environmental impact of generative AI C.pdf
HSMMNNU4,Physics-guided neural surrogate model with particle swarm-based multi-objective optimization for quasi-coaxial TSV interconnect design,XTNVKWCJ,2025_Liu et al_Physics-guided neural surrogate model wi.pdf
P8ENHEY3,Solution of integral equations by physics-informed neural networks for electromagnetic scattering,EN8JLT58,2024_Zhang et al_Solution of integral equations by physic.pdf
F4M52488,Influence prediction in collaboration networks: An empirical study on arXiv,RHMCHG3A,2025_Lin et al_Influence prediction in collaboration ne.pdf
CFQ3IQ67,Best paper award candidates asia and south pacific design automation conference 1995 (ASP-DAC '95),V6CG886G,1995_Best paper award candidates asia and sou.pdf
FWLUDL5J,Bayesian active learning for radiation pattern sampling over cylindrical surfaces,59NU3RUG,2022_Garbuglia et al_Bayesian active learning for radiation p.pdf
6B2XQGCK,Machine learning-driven synthesis of on-chip 8-shaped inductors,AN3YNWLZ,2025_He et al_Machine learning-driven synthesis of on-.pdf
ZNTTQXXD,Bayesian updating using multi-fidelity active learning kriging models,5A2IHVUD,2025_Prentzas et al_Bayesian updating using multi-fidelity a.pdf
5LSVN24S,Synthesis of optimal on-chip baluns,IADVTAJR,2007_Kapur et al_Synthesis of optimal on-chip baluns.pdf
L3S9ZXEV,"Microwave and RF design (review of ""microwave and RF DES GN"") [book\/software reviews]",5L336VCT,2015_Chu et al_Microwave and RF design (review of micr.pdf
4WR2WFTP,Deep learning assisted end-to-end synthesis of mm-wave passive networks with 3D EM structures: A study on a transformer-based matching network,T22ADHMF,2021_Er et al_Deep learning assisted end-to-end synthe.pdf
CX9ENARE,Analytic design of on-chip spiral inductor with variable line width,9ASG2CXA,2022_Chen et al_Analytic design of on-chip spiral induct.pdf
I4MMWCXE,An Integrated Ultra-Wideband Balun Topology and Its Application in Mixer Design,52IYX5Y7,2025_Zhu et al_An Integrated Ultra-Wideband Balun Topol.pdf
ILTXNHJG,Compact circuit simulation model for on-chip inductor and transformer for RF integrated circuits,JU2NBATK,2007_Hasaneen et al_Compact circuit simulation model for on-.pdf
HL2WQWFK,Dall-EM: Generative AI with diffusion models for new design space discovery and target-to-electromagnetic structure synthesis,UR4IHEE3,2025_Guo et al_Dall-EM Generative AI with diffusion mo.pdf
6Z2T3YS3,Supporting information: MacroSimGNN: efficient and accurate prediction of macromolecule pairwise similarity via graph neural network,TP9FDHE3,Shi et al_Supporting information MacroSimGNN eff.pdf
WLZ45B26,Using drawing to diagnose children's scientific concept learning a study based on several preferences of children's scientific drawing,VI9L3DX8,2023_Zhong et al_Using drawing to diagnose children's sci.pdf
H29GEZEF,Application of reinforcement learning and multi-agent collaboration technology based on alphastar in autocad drawing of building electrical,KEWZ3R98,2024_Yin et al_Application of reinforcement learning an.pdf
KB5ETZHN,Optimization of microwave components using machine learning and rapid sensitivity analysis,V5I8DBJY,2024_Koziel et al_Optimization of microwave components usi.pdf
D89MS2AZ,Causality-aware training of physics-informed neural networks for solving inverse problems,FKAE9IYC,2025_Kim et al_Causality-aware training of physics-info.pdf
GZHLBTAI,Synthesis of integrated passive components for high-frequency RF ICs based on evolutionary computation and machine learning techniques,FUF3RTXM,2011_Liu et al_Synthesis of integrated passive componen.pdf
WZUEQXTB,Multi-fidelity neural architecture search with knowledge distillation,2382GS37,2023_Trofimov et al_Multi-fidelity neural architecture searc.pdf
XDERT677,"Data-driven robust topology optimization using surrogate modeling, model reduction, and machine learning",YH4372FR,2026_Wang et al_Data-driven robust topology optimization.pdf
HURIYU3C,Using drawing to diagnose children's scientific concept learning a study based on several preferences of children's scientific drawing,2F8AY5YQ,2023_Zhong et al_Using drawing to diagnose children's sci.pdf
ZEL2KPZ6,AI-enabled RF-to-terahertz chip design beyond human intuition [invited],JVHAMN4C,2025_Sengupta et al_AI-enabled RF-to-terahertz chip design b.pdf
D537VUYS,Causal and passive parameterization of S-parameters using neural networks,N5AIM4WD,2020_Torun et al_Causal and passive parameterization of S.pdf
IX8Q6NQJ,DeepOTF: Learning equations-constrained prediction for electromagnetic behavior,ZKEMT7WD,2024_Xu et al_DeepOTF Learning Equations-constrained.pdf
T7VM648A,MacroSimGNN: Efficient and accurate prediction of macromolecule pairwise similarity via a graph neural network,ZDUJ5L6G,MacroSimGNN Efficient and accurate pred.pdf
TIZPVHQ3,Surrogate modeling of passive microwave circuits using recurrent neural networks and domain confinement,FECP7X9F,2025_Sahu et al_Surrogate modeling of passive microwave.pdf
NQK672DT,Analysis and design of on-chip spiral inductors and transformers for silicon RF integrated circuits,KRLL3W7H,Yeung et al_Analysis and design of on-chip spiral in.pdf
9YYLBSI3,Characterization and modeling of on-chip interconnects for silicon RFIC design,WLB5MQWZ,EEE-THESES_970.pdf
BEPTBLSP,Design and modeling of compact on-chip transformer/balun using multi-level metal windings for RF integrated circuits,7G682E2F,2001_Tao Liang et al_Design and modeling of compact on-chip t.pdf
CTWQNFPF,RF circuit design,FRP2ZU9Y,2012_Li et al_RF circuit design.pdf
NU8EFHUG,SiP‐system in package design and simulation: Mentor EE flow advanced design guide,54QRUKN5,2017_Li et al_SiP‐system in package design and simulat.pdf
L9EYG2PY,RFIC design methodology: Functional verification,578C5ZGP,2007_Dunham et al_RFIC design methodology Functional veri.pdf
3NUV8C8J,Efficient surrogate modeling and design optimization of compact integrated on-chip inductors based on multi-fidelity EM simulation models,URVEIC3Y,2021_Kurgan et al_Efficient surrogate modeling and design.pdf
7X4J9NGN,Exploration of AI-powered undergraduate teaching of digital signal processing—taking “sampling theorem” as an example,DCXDGZJY,2026_赵 et al_Exploration of AI-powered undergraduate.pdf
MNJA4IQV,"AI-driven integrated circuit design: A survey of techniques, challenges, and opportunities",JB7DHHR5,2025_Guven et al_AI-driven integrated circuit design A s.pdf
2EU3ZDBS,基于机器学习的5g毫米波mimo发射机建模及线性化技术,CDUL4B9Y,2021_印航_基于机器学习的5g毫米波mimo发射机建模及线性化技术.pdf
8KVFUNA2,Adapting arbitrary normal mutation distributions in evolution strategies: The covariance matrix adaptation,DJFT5R4U,1996_Hansen et al_Adapting arbitrary normal mutation distr.pdf
UHKCBJRH,A millimeter-wave four-way doherty power amplifier with over-GHz modulation bandwidth,6CNSRIIG,2024_Zhang et al_A millimeter-wave four-way doherty power.pdf
QG7DS2M2,Unfolding 3D space into binary images for daylight simulation via neural network,ZWZ7X3IB,"2023_College of Design, North Carolina State University, Raleigh, NC 27606, USA et al_Unfolding 3D space into binary images fo.pdf"
6BCXKLXS,A 28-GHz flip-chip packaged chireix transmitter with on-antenna outphasing active load modulation,BSALCSRZ,2019_Li et al_A 28-GHz flip-chip packaged chireix tran.pdf
PD7Y3SKX,Automated mmWave power amplifier design flow and a 28-GHz design example in 45-nm CMOS SOI,AR5W4P62,2024_Hu et al_Automated mmWave power amplifier design.pdf
SXRD6QX3,A 27–46-GHz low-noise amplifier with dual-resonant input matching and a transformer-based broadband output network,JN6SPWRH,2021_Hu et al_A 27–46-GHz low-noise amplifier with dua.pdf
YGKEWNNM,Deep learning on graphs: A data-centric exploration,6X84UTV4,2024_Jin et al_Deep learning on graphs A data-centric.pdf
82VQP2HG,"Recipe for a general, powerful, scalable graph transformer",QHKNKRHG,"2022_Rampášek et al_Recipe for a general, powerful, scalable.pdf"
XKGJPQLB,34.4 a 9.05-to-37.0GHz LO generator with magnetic mode switching and tuning-free octave-bandwidth common-mode resonator achieving >190.7dBc/hz FoM,A3RV38BV,2025_Guo et al_34.4 a 9.05-to-37.0GHz LO generator with.pdf
E2U74FKV,The mythos of model interpretability,W8L9X8ME,2018_Lipton et al_The mythos of model interpretability.pdf
NGML4FD4,Representation learning: A review and new perspectives,VD3ZQPQV,2013_Bengio et al_Representation learning A review and ne.pdf
8AP3FDI2,A spectral convolutional net for co-optimization of integrated voltage regulators and embedded inductors,W985SN2Y,2019_Torun et al_A spectral convolutional net for co-opti.pdf
5J5J6EXG,TraceFormer: S-parameter prediction framework for PCB traces based on graph transformer,WWERUZ4J,2024_Kim et al_TraceFormer S-parameter prediction fram.pdf
33V6TF6C,A millimeter-wave three-way doherty power amplifier for 5G NR OFDM,LACYRN8Q,2023_Zhang et al_A millimeter-wave three-way doherty powe.pdf
WQ5SX3KD,AdreamDCO: AI-driven robust and efficient design automation for digitally controlled oscillators,54QZA5BB,2025_Hu et al_AdreamDCO AI-driven robust and efficien.pdf
3RIS25R5,An area efficient high turn ratio monolithic transformer for silicon RFIC,YHVDU2L4,2008_Chee Chong Lim et al_An area efficient high turn ratio monoli.pdf
S52C9FXB,8-shaped inductors: An essential addition to RFIC designers’ toolbox,5F5JIFQ4,2024_Guan et al_8-shaped inductors An essential additio.pdf
RIBTHE6P,5G mm-wave front-end-module design with advanced SOI process,SE794BZT,2017_Li et al_5G mm-wave front-end-module design with.pdf
5NVBDQA4,Monolithic transformers for silicon RF IC design,LXSWJW37,2000_Long et al_Monolithic transformers for silicon RF I.pdf
K3YZU5VV,Pushing the performance boundaries of MmWave and sub-THz transceiver circuits through passive network design innovations,5DF4S84I,2024_Chi et al_Pushing the performance boundaries of Mm.pdf
JWHIMX48,Transfer learning assisted fast design migration over technology nodes: A study on transformer matching network,Q4BDNMLP,2024_Chu et al_Transfer learning assisted fast design m.pdf
EM4FS3EH,Residual network based direct synthesis of EM structures: A study on one-to-one transformers,PYUPFDNJ,2020_Munzer et al_Residual network based direct synthesis.pdf
8ZSN9DRJ,A D-band InP power amplifier featuring fully AI-generated passive networks,H32WF55B,2025_Hang Chai et al_A D-band InP power amplifier featuring f.pdf
WMJW4L8U,PulseRF: Physics augmented ML modeling and synthesis for high-frequency RFIC design,5Z2R5WNL,2024_Chae et al_PulseRF Physics augmented ML modeling a.pdf
6BE93969,MOTIF-RF: Multi-template on-chip transformer synthesis incorporating frequency-domain self-transfer learning for RFIC design automation,LQ2LBCSB,2025_He et al_MOTIF-RF Multi-template on-chip transfo.pdf
4JKWLQN3,Advancing electric vehicle battery management: A data-driven digital twin approach for real-time monitoring and performance enhancement,YS9XZUHW,2025_Alamin et al_Advancing electric vehicle battery manag.pdf
6X78HGMI,Physics-informed neural network-enhanced model predictive temperature balancing control for li-ion battery modules,BUHQFDHA,2025_Jiang et al_Physics-informed neural network-enhanced.pdf
P48V5JT6,Highly efficient automatic synthesis of a millimeter-wave on-chip deformable spiral inductor using a hybrid knowledge-guided and data-driven technique,4WGLJUXU,2023_Wei et al_Highly efficient automatic synthesis of.pdf
33EVJZB7,Physics-informed machine learning in design and manufacturing: Status and challenges,KQYCA8TF,2025_Pan et al_Physics-informed machine learning in des.pdf
BLKPD658,A hybrid modelling approach for parameter estimation of analytical reflection models in the failure analysis process of semiconductors,STYN95A8,2021_Kamm et al_A hybrid modelling approach for paramete.pdf
BF6XM4WU,Physics-informed neural networks for control of single-phase flow systems governed by partial differential equations,UGEZXACA,2025_Miyatake et al_Physics-informed neural networks for con.pdf
9DTYJEI2,Physics-informed neural networks in grid-connected inverters: A review,6KLPZ6V7,2025_Mahdouri et al_Physics-informed neural networks in grid.pdf
EKBD8UFB,A physics-informed automatic neural network generation framework for emerging device modeling,S6SX24CT,2023_Guo et al_A physics-informed automatic neural netw.pdf
2GKJVXFC,Physics-informed neural networks for high-fidelity electromagnetic field approximation in VLSI and RF EDA applications,9V7QYKI8,2025_Zhang et al_Physics-informed neural networks for hig.pdf
T3XPEJ75,Machine learning in fluid dynamics—physics-informed neural networks (PINNs) using sparse data: A review,QYRWW5QK,2025_El Hassan et al_Machine learning in fluid dynamics—physi.pdf
UJ77TTT4,Application of machine learning in the design of electromagnetic structures,TDQ98XTD,Wang et al_Application of machine learning in the d.pdf
GGMFFDLA,Automated neural network-based optimization for enhancing dynamic range in active filter design,AH3ZB5CP,2025_Daylak et al_Automated neural network-based optimizat.pdf
GQ93NLGD,Modeling radio-frequency devices based on deep learning technique,BIHF2VX7,2021_Guan et al_Modeling radio-frequency devices based o.pdf
YCDZGHRU,Using adaptive surrogate models to accelerate multi-objective design optimization of MEMS,NIXI2HAJ,2025_Nazari et al_Using adaptive surrogate models to accel.pdf
DB52W3UK,Physics-informed machine learning for transformer condition monitoring – part II: Physics-informed neural networks and uncertainty quantification,RPC2338E,2025_Aizpurua et al_Physics-informed machine learning for tr.pdf
8KYNDHCQ,Global sensitivity analysis and uncertainty quantification of crude distillation unit using surrogate model based on gaussian process regression,F7959HBT,Global sensitivity analysis and uncertai.pdf
Y4PUBS2I,Comparative study of surrogate modeling methods for signal integrity and microwave circuit applications,JV9XD429,2021_Nguyen et al_Comparative study of surrogate modeling.pdf
KRNHXHDL,https://publ.icgbio.ru/wp-content/uploads/2024/09/BGRSSB_2024_Abstracts-137-140.pdf,8M5WCATC,2024_httpspubl.icgbio.ruwp-contentupload.pdf
97BUPLME,Multi-objective design of compact RF/microwave components using decomposition and surrogate modeling,KEQUDDDT,2015_Koziel et al_Multi-objective design of compact RFmic.pdf
FN8H54KW,Broadband lumped-element parameter extraction method of two-port 3D MEMS in-chip solenoid inductors based on a physics-based equivalent circuit model,A2SL87R3,2020_Sun et al_Broadband lumped-element parameter extra.pdf
KV3U7KPC,Machine learning and statistical modeling,BRR447DS,2004_Machine learning and statistical modelin.pdf
YD32XTSY,On-chip spiral inductors with patterned ground shields for si-based RF ICs,PBPRD4RD,1998_Yue et al_On-chip spiral inductors with patterned.pdf
BQUGCM6M,Modelling of different on-chip inductors for radio frequency integrated circuits,CF499WXD,2022_Muneeswaran et al_Modelling of different on-chip inductors.pdf
CNKBS9ZK,Accurate systematic model-parameter extraction for on-chip spiral inductors,BB2R2V7H,2008_Chen et al_Accurate systematic model-parameter extr.pdf
ZXK2C3TQ,EScholarship at the university of california: A case study in sustainable innovation for open access,DJG55QC3,2004_Hughes et al_EScholarship at the university of califo.pdf
7ICK8C24,Modeling and characterization of on-chip transformers,ITWBGLTA,1998_Mohan et al_Modeling and characterization of on-chip.pdf
MYU56SZG,"Integrated on-chip transformers: Recent progress in the design, layout, modeling and fabrication",DZKW2RDE,2019_Bajwa et al_Integrated on-chip transformers Recent.pdf
NHBY73M7,Performance trends of on-chip spiral inductors for rfics,BLQ9Z8XL,2004_Pan et al_Performance trends of on-chip spiral ind.pdf
DD2ABY3H,A reconfigurable linear RF analog processor for realizing microwave artificial neural network,83FSBHAQ,2024_Zhu et al_A reconfigurable linear RF analog proces.pdf
WHHZFBC5,Adaptive synthesis using hybrid genetic algorithm and particle swarm optimization for reflectionless filter with lumped elements,B6NT8MDL,2023_Li et al_Adaptive synthesis using hybrid genetic.pdf
CRWBPMPF,基于人工智能优化算法的宽带多频功率放大器研究,7MTNYLAH,2024_孙冰杰_基于人工智能优化算法的宽带多频功率放大器研究.pdf
TRXW86LP,射频电路参数优化算法开发及工具化实现,5MZ9RTXC,2025_杨升森_射频电路参数优化算法开发及工具化实现.pdf
XCV8A9YH,基于机器学习算法的射频功率放大器设计,PQ7NAPQI,2023_曲研_基于机器学习算法的射频功率放大器设计.pdf
BBTK2IRX,Machine learning assisted design of mmWave radio frequency circuits,MZQ9BUGP,Machine_Learning_Assisted_Design_of_mmWave_RF_Circuits_UCI_Thesis.pdf
7ZITQRLN,Use of machine learning in radio frequency integrated circuits (RFIC) development,L39GUAPM,Cui et al_Use of Machine Learning in Radio Frequen.pdf
IBE77NYN,ASPDAC 2025: Invited paper,66FTRLQ3,Pdf.pdf
YRYACR25,ML-assisted RF IC design enablement: The new frontier of AI for EDA,Y97M4MI3,2025_Chae et al_ML-assisted RF IC design enablement The_1.pdf
UBP9F9S3,FuNToM: Functional modeling of RF circuits using a neural network assisted two-port analysis method,3T929VMH,2023_Fayazi et al_FuNToM Functional modeling of RF circui.pdf
649AFRSD,Dual-band multibeam antenna arrays fed by frequency-dependent feeding network,MS6AGFGM,2026_Liu et al_Dual-band multibeam antenna arrays fed b.pdf
UTCU3WPZ,Rapid layout optimization of active RF circuit with deep learning: From rectifiers to power amplifiers,SJFXD2VR,2025_Li et al_Rapid layout optimization of active RF c.pdf
AZET238X,Bayesian optimization approach for RF circuit synthesis via multitask neural network enhanced gaussian process,KNEBFHKK,2022_Huang et al_Bayesian optimization approach for RF ci.pdf
8Q2LM8U4,Automated design and optimization of distributed filter circuits using reinforcement learning,TPQDMSCA,2024_Gao et al_Automated design and optimization of dis.pdf
ZU8E5JUL,机器学习辅助的片上振荡器设计技术,PJSV648Z,2024_孙振元_机器学习辅助的片上振荡器设计技术.pdf
CDGJKG9F,机器学习辅助的片上感性器件设计技术及软件研发,KARADJU8,2025_魏家豪_机器学习辅助的片上感性器件设计技术及软件研发.pdf
KUC2NVJU,机器学习辅助的片上变压器设计技术及软件,WF4GW4NC,2024_魏亚雯_机器学习辅助的片上变压器设计技术及软件.pdf
4NSQ7TBQ,采用机器学习辅助优化的毫米波宽带低噪声放大器智能设计,HBB6L8YE,2024_方晨豪_采用机器学习辅助优化的毫米波宽带低噪声放大器智能设计.pdf
KCANJFYL,面向宽带卫星通信和5g毫米波通信的低噪声放大器芯片研究,T957JIEZ,2024_张嘉俊_面向宽带卫星通信和5g毫米波通信的低噪声放大器芯片研究.pdf
62P7W2IH,AI-assisted template-seeded pixelated design for multi-metal-layer high-coupling EM structures: A ku-band 6G FR3 PA in 22nm FDX+,G6ZWCHZP,2025_Chu et al_AI-assisted template-seeded pixelated de.pdf
MGWZ88AU,Genetic algorithm-based inverse design of guided wave planar terahertz filters,7VVBJPTT,2025_Dehghanian et al_Genetic algorithm-based inverse design o.pdf
3HSLA5QN,Analysis and design of analog integrated circuits,ZQ25462F,2024_Gray et al_Analysis and design of analog integrated.pdf
D4WXQBQX,Radio frequency integrated circuits and systems,XVWMFZV6,2020_Darabi et al_Radio frequency integrated circuits and.pdf
TCYLEDX6,Film history: an introduction,LLPJDA2Q,2022_Thompson et al_Film history an introduction.compare.pdf
6WBFNMM9,Design of analog CMOS integrated circuits,BUX6N5LZ,2017_Razavi et al_Design of analog CMOS integrated circuit.pdf
XC5LQ6ZH,RF microelectronics,GIYPV3N9,2012_Razavi et al_RF microelectronics.pdf
4NUTEDJH,Analog design essentials,SYJYUPYS,2006_Sansen et al_Analog design essentials.pdf
