key,title,doi,date,attachment_key,filename
AP8GSRLN,A Compact 12 to 47 GHz Variable Gain Amplifier With Low Gain/Phase Errors for 5G NR FR2,10.1109/lmwt.2025.3603604,12/2025,AK2YASG2,2025_Li et al_A Compact 12 to 47 GHz Variable Gain Amp.pdf
QP992YYK,An 8.3–43 GHz CMOS Low-Noise Amplifier With Wideband Input Matching,10.1109/lmwt.2025.3644444,2025,66TNZHEN,2025_Li et al_An 8.3–43 GHz CMOS Low-Noise Amplifier W.pdf
J9WL26F7,LSTP: A logic synthesis timing predictor,10.1109/asp-dac58780.2024.10473925,2024-1-22,9SYL5G9R,2024_Zheng et al_LSTP A logic synthesis timing predictor.pdf
SLAAEB85,A resource-efficient task scheduling system using reinforcement learning : Invited paper,10.1109/asp-dac58780.2024.10473960,2024-1-22,MVPZY9YZ,2024_Morchdi et al_A resource-efficient task scheduling sys.pdf
LJPKE4CQ,Synergistic bayesian optimization and reinforcement learning with bidirectional interaction for efficient VLSI constraint tuning,10.1109/asp-dac66049.2026.11420424,2026-1-19,TP79ASXF,2026_Tu et al_Synergistic bayesian optimization and re.pdf
4RV7WAGN,Lorecast: Layout-aware performance and power forecasting from natural language,10.1109/asp-dac66049.2026.11420573,2026-1-19,8EIFNLR5,2026_Wang et al_Lorecast Layout-aware performance and p.pdf
R3IYLESV,LLM-assisted circuit verification: A comprehensive survey,10.1109/asp-dac66049.2026.11420692,2026-1-19,7SPCUPTG,2026_Liu et al_LLM-assisted circuit verification A com.pdf
HM4J96S7,A 7.2–29.8 GHz LNA With 1.35–2.67-dB NF Using Coupled-Line-Based Transformers in 0.15- μm GaN-on-SiC Technology,10.1109/tcsi.2025.3554211,10/2025,TG82S5QV,2025_Hu et al_A 7.2–29.8 GHz LNA With 1.35–2.67-dB NF.pdf
LHIMDVS5,A 3.23DB average NF and 2.32dB minimum NF V-/E-band common-gate/common-source joint-feeding LNA with three-line coupler input matching for simultaneous noise/power matching,10.1109/rfic61188.2025.11082870,2025-6-15,45LDE9KR,2025_Lin et al_A 3.23DB average NF and 2.32dB minimum N.pdf
EUG9SAJE,Design Insights Into Sixth-Order Matching Networks for a 105–175-GHz Ultra-Wideband SiGe BiCMOS LNA,10.1109/jssc.2025.3595668,4/2026,3YYL3VP9,2026_De Filippi et al_Design Insights Into Sixth-Order Matchin.pdf
P6DPS5GK,A compact ka-band bi-directional PA-LNA with 17.4-dBm p<sub>sat</sub> using three-stack power amplifier in 28-nm CMOS,10.1109/rfic61187.2024.10599967,2024-6-16,IUH3X78K,2024_Hwang et al_A compact ka-band bi-directional PA-LNA.pdf
Q4X9XGRI,A blocker-tolerant mm-wave MIMO receiver with spatial notch filtering using non-reciprocal phase-shifters for 5G applications,10.1109/rfic61187.2024.10599961,2024-6-16,FZES9KW5,2024_Mohin et al_A blocker-tolerant mm-wave MIMO receiver.pdf
JPHDSAVE,Design of 22.6-29.5/ 30.4-43.5 GHz dual-band low power LNA with 2.6-3.8 dB NF for millimeter-wave 5G applications in 28-nm CMOS,10.1109/rfic61188.2025.11082893,2025-6-15,CIMTD996,2025_Lin et al_Design of 22.6-29.5 30.4-43.5 GHz dual-.pdf
GLK9T5JK,A D-band LNA exploiting ultra-wideband sixth-order matching networks in SiGe BiCMOS,10.1109/esserc62670.2024.10719560,2024-9-9,GZVHUDRD,2024_Filippi et al_A D-band LNA exploiting ultra-wideband s.pdf
X82SFXQS,A 25.6-60.0 GHz LNA with inter-stage magnetic coupling for dual-resonance bandwidth extension in 16nm-FinFET,10.1109/esserc62670.2024.10719582,2024-9-9,7PN7MKHA,2024_Yeo et al_A 25.6-60.0 GHz LNA with inter-stage mag.pdf
N7W5T3BL,A 70-to-110 GHz 28-nm CMOS low noise amplifier with 6.1-dB NF minimum using differential noise optimization,10.1109/iscas58744.2024.10558255,2024-5-19,LUH3CGIN,2024_Yung-Pei et al_A 70-to-110 GHz 28-nm CMOS low noise amp.pdf
V6D287NB,ARO: Autoregressive operator learning for transferable and multi-fidelity 3D-IC thermal analysis with active learning,10.1145/3676536.3676713,2024-10-27,4CRTW6W2,2024_Wang et al_ARO Autoregressive operator learning fo.pdf
NZVPMVYS,BPINN-EM: Fast stochastic analysis of electromigration damage using bayesian physics-informed neural networks,10.1145/3676536.3676705,2024-10-27,4S2VN396,2024_Lamichhane et al_BPINN-EM Fast stochastic analysis of el.pdf
47D5BM9E,Building reasoning LLMs for hardware design generation via function-aligned differentiated revision,10.1109/iccad66269.2025.11240942,2025-10-26,NEXDTQ4H,2025_Fu et al_Building reasoning LLMs for hardware des.pdf
I9X2FXMM,GenEDA: Towards generative netlist functional reasoning via cross-modal circuit encoder-decoder alignment,10.1109/iccad66269.2025.11240762,2025-10-26,QAN98Q6T,2025_Fang et al_GenEDA Towards generative netlist funct.pdf
WYCTYU3E,TSO-flow: A topology synthesis and optimization workflow for operational amplifiers with invertible graph generative model,10.1145/3676536.3676693,2024-10-27,AL9Z8BHE,2024_Han et al_TSO-flow A topology synthesis and optim.pdf
EAFUGZ23,EasyACIM: An end-to-end automated analog CIM with synthesizable architecture and agile design space exploration,10.1145/3649329.3656229,2024-06-23,IIS9VF2T,2024_Zhang et al_EasyACIM An end-to-end automated analog.pdf
HKAY93TA,Late breaking results: Circuit-algorithm co-design for learnable audio analog front-end,10.1145/3649329.3663496,2024-06-23,7U4BPSSV,2024_Hu et al_Late breaking results Circuit-algorithm.pdf
KCRQSG5A,CircuitVAE: Efficient and scalable latent circuit optimization,10.1145/3649329.3656543,2024-06-23,QDVBA4AI,2024_Song et al_CircuitVAE Efficient and scalable laten.pdf
UKMG2HQM,BNN-YEO: An efficient bayesian neural network for yield estimation and optimization,10.1145/3649329.3658242,2024-06-23,MQTRECSP,2024_Dou et al_BNN-YEO An efficient bayesian neural ne.pdf
AUXABE28,Multi-agent yield analysis for circuit design,10.1109/dac63849.2025.11133334,2025-6-22,ZTFADNIM,2025_Qin et al_Multi-agent yield analysis for circuit d.pdf
78J2TNSW,Hardware generation with high flexibility using reinforcement learning enhanced LLMs,10.1109/dac63849.2025.11132897,2025-6-22,BRXZ86H8,2025_Zhao et al_Hardware generation with high flexibilit.pdf
L3UY4ZV6,EVDMARL: Efficient value decomposition-based multi-agent reinforcement learning with domain-randomization for complex analog circuit design migration,10.1145/3649329.3656523,2024-06-23,XT52V333,2024_Sun et al_EVDMARL Efficient value decomposition-b.pdf
SSPV7QIP,PVTSizing: A TuRBO-RL-based batch-sampling optimization framework for PVT-robust analog circuit synthesis,10.1145/3649329.3661850,2024-06-23,E9IJYN6E,2024_Kong et al_PVTSizing A TuRBO-RL-based batch-sampli.pdf
EKGPY65Z,Performance-driven analog routing via heterogeneous 3DGNN and potential relaxation,10.1145/3649329.3658480,2024-06-23,NWMJIBTD,2024_Xu et al_Performance-driven analog routing via he.pdf
K9CBIWFT,CDLS: Constraint driven generative AI framework for analog layout synthesis,10.1145/3649329.3656232,2024-06-23,SQMVNHNL,2024_Mangalagiri et al_CDLS Constraint driven generative AI fr.pdf
FMUT7L5N,An Updated Assessment of Reinforcement Learning for Macro Placement,10.1109/tcad.2025.3644293,2025,W9ZXKM5E,2025_Cheng et al_An Updated Assessment of Reinforcement L.pdf
9BFC6DEN,TransMap: Transformer-Enhanced Divide-and-Conquer Reinforcement Learning Framework for Efficient CGRA Compilation,10.1109/tcad.2026.3653869,2026,NAEJECKB,2026_Li et al_TransMap Transformer-Enhanced Divide-an.pdf
JPSV23EG,Towards Efficient ECO Automation: Timing and DRCs Concurrent Optimization Using Reinforcement Learning,10.1109/tcad.2026.3656764,2026,TBP23VT3,2026_Xu et al_Towards Efficient ECO Automation Timing.pdf
DD98LDIG,Nonintrusive Data-Driven Model Order Reduction for Circuits Based on Hammerstein Architectures,10.1109/tcad.2024.3509797,6/2025,FZ24GVM2,2025_Hanson et al_Nonintrusive Data-Driven Model Order Red.pdf
ZT27T3PU,Atelier: An automated analog circuit design framework via multiple large language model-based agents,10.36227/techrxiv.172668168.88938111/v2,2025-10-27,X4WG3G2R,2025_Shen et al_Atelier An automated analog circuit des.pdf
7D6RD472,FARFLAG: Fully automatic radio-frequency layout generation and its application to design of CMOS millimeter-wave low-noise amplifiers,10.1109/TCAD.2026.3678197,2026,V3CPNXAY,2026_Wang et al_FARFLAG Fully automatic radio-frequency.pdf
ZAUWH8RZ,An efficient SRAM yield analysis using scaled-sigma adaptive importance sampling,10.23919/DATE48585.2020.9116233,3/2020,7LPM5UNU,2020_Pang et al_An efficient SRAM yield analysis using s.pdf
ZD98CHA4,RELIC-FUN: Logic identification through functional signal comparisons,10.1109/DAC18072.2020.9218616,7/2020,2PBXVKY6,2020_Geist et al_RELIC-FUN Logic identification through.pdf
69MD8VT3,Physics-informed neural networks: A deep learning framework for solving forward and inverse problems involving nonlinear partial differential equations,10.1016/j.jcp.2018.10.045,2019-02,Y3KCITAY,2019_Raissi et al_Physics-informed neural networks A deep.pdf
Q4ID2LEK,“Why Should I Trust You?”: Explaining the Predictions of Any Classifier,10.18653/v1/n16-3020,2016,932WSINP,2016_Ribeiro et al_“Why Should I Trust You” Explaining th.pdf
G65P5BL5,"Explainable AI: Interpreting, Explaining and Visualizing Deep Learning",10.1007/978-3-030-28954-6,2019,XHVTBGRY,"2019_Explainable AI Interpreting, Explaining.pdf"
Y3WCHZXD,Invited Paper: CircuitOps: An ML Infrastructure Enabling Generative AI for VLSI Circuit Optimization,10.1109/iccad57390.2023.10323611,2023-10-28,WJXNGFC5,2023_Liang et al_Invited Paper CircuitOps An ML Infrast.pdf
JRQAU5Q3,EDA-ML: Graph Representation Learning Framework for Digital IC Design Automation,10.1109/isqed60706.2024.10528675,2024-04-03,VA9L5FUG,2024_Shrestha et al_EDA-ML Graph Representation Learning Fr.pdf
NGRUEL8F,Globally Reliable Variation-Aware Sizing of Analog Integrated Circuits via Response Surfaces and Structural Homotopy,10.1109/tcad.2009.2030351,2009-11,Z38AA8UJ,2009_McConaghy et al_Globally Reliable Variation-Aware Sizing.pdf
3UVK4AC6,Robust Analog/RF Circuit Design With Projection-Based Performance Modeling,10.1109/tcad.2006.882513,2007-01,2D2794FX,2007_Li et al_Robust AnalogRF Circuit Design With Pro.pdf
B36NIQ6C,An Efficient Batch-Constrained Bayesian Optimization Approach for Analog Circuit Synthesis via Multiobjective Acquisition Ensemble,10.1109/tcad.2021.3054811,2022-01,5I2PV3IG,2022_Zhang et al_An Efficient Batch-Constrained Bayesian.pdf
78QQN75F,Efficient Performance Trade-off Modeling for Analog Circuit based on Bayesian Neural Network,10.1109/iccad45719.2019.8942174,2019-11,2ZPFY2P6,2019_Gao et al_Efficient Performance Trade-off Modeling.pdf
RRARXM96,An Efficient Bayesian Optimization Approach for Automated Optimization of Analog Circuits,10.1109/tcsi.2017.2768826,2018-06,W4NUPLLU,2018_Lyu et al_An Efficient Bayesian Optimization Appro.pdf
T44SNH4F,A Large Language Model-based Multi-Agent Framework for Analog Circuits’ Sizing Relationships Extraction,10.1109/iseda65950.2025.11101698,2025-05-09,DMIXC7RJ,2025_Liu et al_A Large Language Model-based Multi-Agent.pdf
HVBHDMHW,MenTeR: A fully-automated Multi-agenT workflow for end-to-end RF/Analog Circuits Netlist Design,10.1109/iclad65226.2025.00015,2025-06-26,G4VBZKDQ,2025_Chen et al_MenTeR A fully-automated Multi-agenT wo.pdf
SNUF7FTB,Graph Representation Learning for Parasitic Impedance Prediction of the Interconnect,10.1109/iscas46773.2023.10181447,2023-05-21,LTNEABXM,2023_Shrestha et al_Graph Representation Learning for Parasi.pdf
7ADWLCKQ,From Global Route to Detailed Route: ML for Fast and Accurate Wire Parasitics and Timing Prediction,10.1145/3551901.3556475,2022-09-12,EAC7FCSU,2022_Chhabria et al_From Global Route to Detailed Route ML.pdf
9LG8X7YB,TAG,10.1145/3508352.3549384,2022-10-30,4BLQRYYW,2022_Zhu et al_TAG.pdf
IQYFMWJV,AutoCkt: Deep Reinforcement Learning of Analog Circuit Designs,10.23919/date48585.2020.9116200,2020-03,Y75UVNNW,2020_Settaluri et al_AutoCkt Deep Reinforcement Learning of.pdf
G8XKV5WV,A customized graph neural network model for guiding analog IC placement,10.1145/3400302.3415624,2020-11-02,YFFGALTQ,2020_Li et al_A customized graph neural network model.pdf
KWVC9B83,Automated Design of Complex Analog Circuits with Multiagent based Reinforcement Learning,10.1109/dac56929.2023.10247909,2023-7-9,4479JFZS,2023_Zhang et al_Automated Design of Complex Analog Circu.pdf
H7MJDH96,GCN-RL Circuit Designer: Transferable Transistor Sizing with Graph Neural Networks and Reinforcement Learning,10.1109/dac18072.2020.9218757,7/2020,222T4HRB,2020_Wang et al_GCN-RL Circuit Designer Transferable Tr.pdf
M9CPG8Z8,Design of SIW Filters in D-band Using Invertible Neural Nets,10.1109/ims30576.2020.9223952,8/2020,7QMWHXBX,2020_Yu et al_Design of SIW Filters in D-band Using In.pdf
4IX6C572,AI enabling discovery and design of radio and high-frequency wireless chips beyond human intuition,10.1109/MC.2025.3566789,8/2025,QUXGHYKS,AI_Enabling_Discovery_and_Design_of_Radio_and_High-Frequency_Wireless_Chips_Beyond_Human_Intuition.pdf
YTCN89RC,The next-generation of circuit simulation in RF EDA,,,ATZ32W5X,The next-generation of circuit simulatio.pdf
I6RQMIYP,AI-powered terahertz VLSI testing technology for ensuring hardware security and reliability,10.1109/ACCESS.2021.3075429,2021,HANRFNJH,2021_Akter et al_AI-powered terahertz VLSI testing techno.pdf
JXA3PPLG,Indoor coverage experiment with beam steering and hybrid-DNN demodulator on sub-THz transmission under hardware impairment,10.1109/VTC2025-Fall65116.2025.11310247,2025-10-19,3L84T32F,2025_Kuriyama et al_Indoor coverage experiment with beam ste.pdf
K2TZ97WT,Deep learning-based device twin model and its testing applications,10.1109/WCCCT65447.2025.11027932,2025-4-11,YS3XDNX3,2025_Yu et al_Deep learning-based device twin model an.pdf
R9HDD54V,Deep learning-assisted RFIC design with dual-metal-layer passive matching networks: A 15-22 GHz CMOS PA for 6G in 22nm FDX+,10.23919/GeMiC64734.2025.10979102,2025-3-17,BCWUL66K,2025_Chu et al_Deep learning-assisted RFIC design with.pdf
7C5VWXUM,A compact <i>E</i> -band load-modulation balanced power amplifier in 65-nm CMOS,10.1109/jssc.2024.3404610,10/2024,8CBVH5VN,2024_Huang et al_A compact E -band load-modulation.pdf
B3ZRBCST,Multiobjective fitness functions with nonlinear switching for antenna optimizations,10.1109/ojap.2022.3178840,2022,8JS95F9P,2022_Khan et al_Multiobjective fitness functions with no.pdf
HQ8H4XFQ,A 4.4-mW 19–46-GHz low-noise amplifier with pole-converging gain flattening and triple-resonance input matching,10.1109/rfic61187.2024.10600028,2024-6-16,XBKWHDE9,2024_Fu et al_A 4.4-mW 19–46-GHz low-noise amplifier w.pdf
QGC3FK8P,Ultralow noise figure and broadband CMOS LNA with three-winding transformer and large transistor,10.1109/tmtt.2024.3354908,5/2024,XPE8A7RN,2024_Kim et al_Ultralow noise figure and broadband CMOS.pdf
VJ3D4VLV,Design and Analysis of a 22.6-to-73.9 GHz Low-Noise Amplifier for 5G NR FR2 and NR-U Multiband/Multistandard Communications,10.1109/jssc.2025.3545463,9/2025,D44TBTM8,2025_Zhao et al_Design and Analysis of a 22.6-to-73.9 GH.pdf
D7894E6Q,A 26-to-39GHz broadband ultra-compact high-linearity switchless hybrid N/PMOS bi-directional PA/LNA front-end for multi-band 5G large-scaled MIMO system,10.1109/isscc42614.2022.9731651,2022-2-20,4MDHVB5P,2022_Park et al_A 26-to-39GHz broadband ultra-compact hi.pdf
R7JYJR4M,5.10 a 3.5mW mm-wave low-noise active bandpass filter employing an all-passive interferer-cancellation feedforward path,10.1109/isscc49661.2025.10904619,2025-2-16,PW39Q3GG,2025_Gadelkarim et al_5.10 a 3.5mW mm-wave low-noise active ba.pdf
JPTHRC5G,A blocker-tolerant mm-wave low-noise amplifier utilizing doherty active load modulation for linearity enhancement,10.1109/isscc49661.2025.10904630,2025-2-16,J4YH3DFN,2025_Yu et al_A blocker-tolerant mm-wave low-noise amp.pdf
WC8Z8MV8,32.4 a 67.8-to-108.2GHz power amplifier with a three-coupled-line-based complementary-gain-boosting technique achieving 442GHz GBW and 23.1% peak PAE,10.1109/isscc49657.2024.10454503,2024-2-18,39SRMEPC,2024_Wu et al_32.4 a 67.8-to-108.2GHz power amplifier.pdf
EPUR4AGF,A 10–110 GHz LNA with 19-25.5 dB gain and 4.8-5.3 dB NF for ultra-wideband applications in 90nm SiGe HBT technology,10.1109/rfic51843.2021.9490504,2021-6-7,Z2DFIN2W,2021_Kazan et al_A 10–110 GHz LNA with 19-25.5 dB gain an.pdf
EGF5CMGG,"A power-efficient, F-band, 6.5-dB NF, staggered-tuned, inverter-based CMOS LNA for 6G receivers",10.1109/ims40175.2024.10600407,2024-6-16,2A2CV23C,"2024_Hassan et al_A power-efficient, F-band, 6.5-dB NF, st.pdf"
UDJYUQVI,A 300-GHz fundamental oscillator in 65-nm CMOS technology,10.1109/jssc.2011.2108122,04/2011,IW32ZZ9I,2011_Razavi et al_A 300-GHz fundamental oscillator in 65-n.pdf
2R7YKZHP,An inverse-designed passively coupled N-path filter with gm-boosted active HBT switches,,2026,WJYH8KCC,2026_Chenna et al_An inverse-designed passively coupled N-.pdf
6H4JHW8Q,"HYDAR: A 390K QPS, 1574K QPS/W hybrid analog/digital compute-in-RRAM accelerator for efficient recommendation system",,2026,YASZLGII,"2026_Li et al_HYDAR A 390K QPS, 1574K QPSW hybrid an.pdf"
2V4HC53I,AI-enabled end-to-end design in RFICs with controllable architectural style from ‘classical’ to ‘non-intuitive’ for mm-wave/sub-THz LNAs,,2026,LLSEAM2C,2026_Zhou et al_AI-enabled end-to-end design in RFICs wi.pdf
U5P8AG6Q,1016-clause analog k-SAT solver,,2026,A32DZJ72,2026_Wormald et al_1016-clause analog k-SAT solver.pdf
JGR7FL5R,13.2 AI-enabled end-to-end design in RFICs with controllable architectural style from ‘classical’ to ‘non-intuitive’ for mm-wave/sub-THz LNAs,,2026,XXNYJ36D,2026_Zhou et al_13.2 AI-enabled end-to-end design in RFI.pdf
7JBGW76X,"13.1 HYDAR: A 390K QPS, 1574K QPS/W hybrid analog/digital compute-in-RRAM accelerator for efﬁcient recommendation system",,2026,T8Q7I8C2,"2026_Li et al_13.1 HYDAR A 390K QPS, 1574K QPSW hybr.pdf"
YMQJZJ55,A Nonintuitively Frequency-Staggered Wideband mm-Wave Low-Noise Amplifier,10.1109/ISSCC49663.2026.11409264,2026-2-15,IBSNFCDZ,2026_Chenna et al_A Nonintuitively Frequency-Staggered Wid.pdf
433JJ2YR,13.4 an inverse-designed passively coupled N-path filter with gm-boosted active HBT switches,,2026,DADIVZR3,2026_Chenna et al_13.4 an inverse-designed passively coupl.pdf
DYDLWPSW,13.3 Medusa: A Quantum-Inspired 200-Variable 1016-Clause Analog k-SAT Solver,,2026,B3YDNEF3,2026_Wormald et al_13.3 Medusa A Quantum-Inspired 200-Vari.pdf
ICKXJRA7,Automated neural-network-based model generation algorithms for microwave applications,10.1109/mmm.2024.3486596,2025-02,RULBCC4T,2025_Na et al_Automated neural-network-based model gen.pdf
EFQQBDKF,A comprehensive review of machine learning approaches for semiconductor device modeling and simulation,10.1109/access.2025.3605856,2025,TR24MAD3,2025_Mamun et al_A comprehensive review of machine learni.pdf
KQ4PKWJF,Cloud removal method for remote sensing images based on SAR-guided conditional diffusion model and style adaptation,10.1109/jstars.2025.3599162,2025,R8Y5CU4K,2025_Chen et al_Cloud removal method for remote sensing.pdf
2UKQS26I,Multimodal issues and key technologies in ocean observation data: A review,10.1109/jstars.2025.3591424,2025,GQ7EFC4Y,2025_Nie et al_Multimodal issues and key technologies i.pdf
67W8PJZP,"Guest editorial: Special cluster on artificial intelligence in design, optimization and measurement of antennas and periodic structures",10.1109/lawp.2025.3623344,2025-11,GCMBFAJX,2025_Lin et al_Guest editorial Special cluster on arti.pdf
XHXLDDWM,A diffusion model for multi-layered metasurface unit cell synthesis,10.1109/ojap.2023.3292149,2023,D8EJBIES,2023_Niu et al_A diffusion model for multi-layered meta.pdf
QTD2FDXX,Multisensor diffusion-driven optical image translation for large-scale applications,10.1109/jstars.2024.3506032,2025,8EWWI4PY,2025_Vinholi et al_Multisensor diffusion-driven optical ima.pdf
NZ6RVA2M,"Advancements in speech recognition: A systematic review of deep learning transformer models, trends, innovations, and future directions",10.1109/access.2025.3550855,2025,U9QFGMX7,2025_Sharrab et al_Advancements in speech recognition A sy.pdf
NCDJWILP,Optimization of antenna array configurations using deep learning,10.1109/ojap.2025.3578887,2025-10,A4LZX85N,2025_Lin Yi Lu et al_Optimization of antenna array configurat.pdf
T8BV5SAD,Adaptive impedance-matching techniques for ControllingLNetworks,10.1109/tcsi.2009.2023764,2010-02,2TAF5PB3,2010_van Bezooijen et al_Adaptive impedance-matching techniques f.pdf
R4P2HYWA,Multiphysics parametric modeling of microwave components using combined neural networks and transfer function,10.1109/access.2019.2963409,2020,NEXTKZDA,2020_Zhang et al_Multiphysics parametric modeling of micr.pdf
UJBE34SI,Parametric modeling of EM behaviors of microwave components using combined neural networks and pole-residue transfer functions,10.22215/etd/2017-12239,,E7F7GH42,Feng et al_Parametric modeling of EM behaviors of m.pdf
M9FY7I3I,Parametric modeling of EM behavior of microwave components using combined neural networks and pole-residue-based transfer functions,10.1109/tmtt.2015.2504099,2016-01,CQIAIKIM,2016_Feng et al_Parametric modeling of EM behavior of mi.pdf
DAR43TUM,Artificial neural network (ANN) based fast and accurate inductor modeling and design,10.1109/ojpel.2020.3012777,2020,VTERUFX9,2020_Guillod et al_Artificial neural network (ANN) based fa.pdf
XGLQ4EKS,Bayesian active learning for optimization and uncertainty quantification in protein docking,10.1021/acs.jctc.0c00476.s001,,NAT74LDE,Bayesian active learning for optimizatio.pdf
TITRFAG2,Bayesian-based automated model generation method for neural network modeling of microwave components,10.1109/lmwc.2021.3087163,2021-11,MH53RELY,2021_Cui et al_Bayesian-based automated model generatio.pdf
523WB77C,A novel deep-Q-network-based fine-tuning approach for planar bandpass filter design,10.1109/lmwc.2021.3062874,2021-06,RPLP2S4Z,2021_Ohira et al_A novel deep-Q-network-based fine-tuning.pdf
UCYV8P49,Inverse design of on-chip interconnect via transfer learning-based deep neural networks,10.1109/tcpmt.2023.3290413,2023-06,KZJNEDR8,2023_Zhang et al_Inverse design of on-chip interconnect v.pdf
HVUCJ2YR,Radio‐frequency integrated‐circuit engineering,10.1002/9781118999745.ch8,2015-05-22,2IWU36YR,2015_Nguyen et al_Radio‐frequency integrated‐circuit engin.pdf
YVHYY6HW,An efficient high-frequency linear RF amplifier synthesis method based on evolutionary computation and machine learning techniques,10.1109/tcad.2012.2187207,07/2012,Z6Z26MZP,2012_Bo Liu et al_An efficient high-frequency linear RF am.pdf
KNHH4DU4,Machine learning driven inverse design of devices and components for optical communication and sensing systems: A comprehensive review,10.1117/1.apn.5.1.014002,2026-2-2,FKDL6AA5,2026_Khan et al_Machine learning driven inverse design o.pdf
MVLJJ5W8,Algorithmic design of nonintuitive on-chip multilayered passive networks,10.1109/ims40360.2025.11103811,2025-6-15,R46EILWS,2025_Chenna et al_Algorithmic design of nonintuitive on-ch.pdf
P847AD5R,PatternPaint: Practical layout pattern generation using diffusion-based inpainting,10.1109/dac63849.2025.11132857,2025-6-22,K6N7BA7S,2025_Zhou et al_PatternPaint Practical layout pattern g.pdf
H7SMP6DP,PCIe 5.0 connector distributed physical-based circuit model with loading resonances for fast SI diagnosis and pathfinding,10.1109/tmtt.2024.3479132,1/2025,J3HX8H2W,2025_He et al_PCIe 5.0 connector distributed physical-.pdf
DQ4UK4IK,Review of on-chip inductor structures with magnetic films,10.1109/tmag.2009.2030590,10/2009,LP3DGLT5,2009_Gardner et al_Review of on-chip inductor structures wi.pdf
HA4WTDXT,ASP-DAC 2005 technical program committee,10.1109/aspdac.2005.1466103,2005,V3UJWVGP,2005_ASP-DAC 2005 technical program committee.pdf
JYS7R9PG,Rapid multi-objective inverse design of antenna via deep neural network surrogate-driven evolutionary optimization,10.36227/techrxiv.171742511.11489750/v1,2024-6-3,M5QRVJPF,2024_Singh et al_Rapid multi-objective inverse design of.pdf
KBZWE6X5,Lene wacher lentz: Secret police investigations on the internet lene WacherLentzSecret police investigations on the InternetOriginal title: politiets hemmelige efterforskning på internettetArticle based PhD dissertationAalborg Universitetsforlag978-87-7210-556-7https://vbn.aau.dk/ws/portalfiles/portal/317174975/PHD_Lene_Wacher_Lentz_E_pdf.pdf: original title: politiets hemmelige efterforskning på internettet. Article based PhD dissertation,10.18261/njsp.10.1.6,2023-11-28,QRT6UDIQ,2023_Neumann et al_Lene wacher lentz Secret police investi.pdf
FUFELYDB,Solid-state circuits directions technical committee launches “think impact with ICs” workshop series and “impact community projects” in partnership with EPICS in IEEE [society news],10.1109/mssc.2024.3378188,21/2024,Y3385FIS,2024_Sengupta et al_Solid-state circuits directions technica.pdf
L5CCVH9B,Progression of motivation models in exercise science: Where we have been and where we are heading,10.1002/9781119568124.ch44,2020-04-14,4WDHFGV3,2020_Tenenbaum et al_Progression of motivation models in exer.pdf
2Z7XJI8U,A comprehensive review on next-generation modeling and optimization for semiconductor devices,10.1109/access.2025.3587721,2025,JV8XSVEP,2025_Raut et al_A comprehensive review on next-generatio.pdf
P8ENHEY3,Solution of integral equations by physics-informed neural networks for electromagnetic scattering,10.36227/techrxiv.171502840.07574149/v1,2024-5-6,EN8JLT58,2024_Zhang et al_Solution of integral equations by physic.pdf
CFQ3IQ67,Best paper award candidates asia and south pacific design automation conference 1995 (ASP-DAC '95),10.1109/aspdac.1995.486190,1995,V6CG886G,1995_Best paper award candidates asia and sou.pdf
FWLUDL5J,Bayesian active learning for radiation pattern sampling over cylindrical surfaces,10.1109/temc.2022.3172483,10/2022,59NU3RUG,2022_Garbuglia et al_Bayesian active learning for radiation p.pdf
6B2XQGCK,Machine learning-driven synthesis of on-chip 8-shaped inductors,10.1109/ucmmt67044.2025.11286963,2025-8-25,AN3YNWLZ,2025_He et al_Machine learning-driven synthesis of on-.pdf
ZNTTQXXD,Bayesian updating using multi-fidelity active learning kriging models,10.2139/ssrn.5497569,2025,5A2IHVUD,2025_Prentzas et al_Bayesian updating using multi-fidelity a.pdf
5LSVN24S,Synthesis of optimal on-chip baluns,10.1109/cicc.2007.4405782,2007,IADVTAJR,2007_Kapur et al_Synthesis of optimal on-chip baluns.pdf
L3S9ZXEV,"Microwave and RF design (review of ""microwave and RF DES GN"") [book\/software reviews]",10.1109/mmm.2014.2367958,2/2015,5L336VCT,2015_Chu et al_Microwave and RF design (review of micr.pdf
ILTXNHJG,Compact circuit simulation model for on-chip inductor and transformer for RF integrated circuits,10.1109/idt.2007.4437474,12/2007,JU2NBATK,2007_Hasaneen et al_Compact circuit simulation model for on-.pdf
HL2WQWFK,Dall-EM: Generative AI with diffusion models for new design space discovery and target-to-electromagnetic structure synthesis,10.1109/ims40360.2025.11103838,2025-6-15,UR4IHEE3,2025_Guo et al_Dall-EM Generative AI with diffusion mo.pdf
6Z2T3YS3,Supporting information: MacroSimGNN: efficient and accurate prediction of macromolecule pairwise similarity via graph neural network,,,TP9FDHE3,Shi et al_Supporting information MacroSimGNN eff.pdf
D89MS2AZ,Causality-aware training of physics-informed neural networks for solving inverse problems,10.3390/math13071057,2025-03-24,FKAE9IYC,2025_Kim et al_Causality-aware training of physics-info.pdf
GZHLBTAI,Synthesis of integrated passive components for high-frequency RF ICs based on evolutionary computation and machine learning techniques,10.1109/tcad.2011.2162067,2011-10,FUF3RTXM,2011_Liu et al_Synthesis of integrated passive componen.pdf
XDERT677,"Data-driven robust topology optimization using surrogate modeling, model reduction, and machine learning",10.1016/j.engappai.2025.113136,2026-01,YH4372FR,2026_Wang et al_Data-driven robust topology optimization.pdf
HURIYU3C,Using drawing to diagnose children's scientific concept learning a study based on several preferences of children's scientific drawing,10.31234/osf.io/umxfb,2023-07-04,2F8AY5YQ,2023_Zhong et al_Using drawing to diagnose children's sci.pdf
ZEL2KPZ6,AI-enabled RF-to-terahertz chip design beyond human intuition [invited],10.1364/ao.568476,2025-10-07,JVHAMN4C,2025_Sengupta et al_AI-enabled RF-to-terahertz chip design b.pdf
T7VM648A,MacroSimGNN: Efficient and accurate prediction of macromolecule pairwise similarity via a graph neural network,10.1021/acs.macromol.5c03015.s001,,ZDUJ5L6G,MacroSimGNN Efficient and accurate pred.pdf
NQK672DT,Analysis and design of on-chip spiral inductors and transformers for silicon RF integrated circuits,10.14711/thesis-b612525,,KRLL3W7H,Yeung et al_Analysis and design of on-chip spiral in.pdf
9YYLBSI3,Characterization and modeling of on-chip interconnects for silicon RFIC design,10.32657/10356/4991,2005,WLB5MQWZ,EEE-THESES_970.pdf
BEPTBLSP,Design and modeling of compact on-chip transformer/balun using multi-level metal windings for RF integrated circuits,10.1109/rfic.2001.935655,2001,7G682E2F,2001_Tao Liang et al_Design and modeling of compact on-chip t.pdf
CTWQNFPF,RF circuit design,10.1002/9781118309940.ch11,2012-09-28,FRP2ZU9Y,2012_Li et al_RF circuit design.pdf
NU8EFHUG,SiP‐system in package design and simulation: Mentor EE flow advanced design guide,10.1002/9781119045991.ch17,2017-08-14,54QRUKN5,2017_Li et al_SiP‐system in package design and simulat.pdf
L9EYG2PY,RFIC design methodology: Functional verification,10.1109/tpsd.2007.4380363,04/2007,578C5ZGP,2007_Dunham et al_RFIC design methodology Functional veri.pdf
7X4J9NGN,Exploration of AI-powered undergraduate teaching of digital signal processing—taking “sampling theorem” as an example,10.12677/ces.2026.142100,2026,DCXDGZJY,2026_赵 et al_Exploration of AI-powered undergraduate.pdf
8KVFUNA2,Adapting arbitrary normal mutation distributions in evolution strategies: The covariance matrix adaptation,10.1109/icec.1996.542381,1996,DJFT5R4U,1996_Hansen et al_Adapting arbitrary normal mutation distr.pdf
UHKCBJRH,A millimeter-wave four-way doherty power amplifier with over-GHz modulation bandwidth,10.1109/jssc.2024.3453321,12/2024,6CNSRIIG,2024_Zhang et al_A millimeter-wave four-way doherty power.pdf
6BCXKLXS,A 28-GHz flip-chip packaged chireix transmitter with on-antenna outphasing active load modulation,10.1109/jssc.2019.2898112,5/2019,BSALCSRZ,2019_Li et al_A 28-GHz flip-chip packaged chireix tran.pdf
PD7Y3SKX,Automated mmWave power amplifier design flow and a 28-GHz design example in 45-nm CMOS SOI,10.1109/ims40175.2024.10600192,2024-6-16,AR5W4P62,2024_Hu et al_Automated mmWave power amplifier design.pdf
SXRD6QX3,A 27–46-GHz low-noise amplifier with dual-resonant input matching and a transformer-based broadband output network,10.1109/lmwc.2021.3059592,6/2021,JN6SPWRH,2021_Hu et al_A 27–46-GHz low-noise amplifier with dua.pdf
XKGJPQLB,34.4 a 9.05-to-37.0GHz LO generator with magnetic mode switching and tuning-free octave-bandwidth common-mode resonator achieving >190.7dBc/hz FoM,10.1109/ISSCC49661.2025.10904644,2025-2-16,A3RV38BV,2025_Guo et al_34.4 a 9.05-to-37.0GHz LO generator with.pdf
NGML4FD4,Representation learning: A review and new perspectives,10.1109/TPAMI.2013.50,8/2013,VD3ZQPQV,2013_Bengio et al_Representation learning A review and ne.pdf
5J5J6EXG,TraceFormer: S-parameter prediction framework for PCB traces based on graph transformer,10.1145/3649329.3658484,2024-06-23,WWERUZ4J,2024_Kim et al_TraceFormer S-parameter prediction fram.pdf
33V6TF6C,A millimeter-wave three-way doherty power amplifier for 5G NR OFDM,10.1109/JSSC.2023.3238766,5/2023,LACYRN8Q,2023_Zhang et al_A millimeter-wave three-way doherty powe.pdf
S52C9FXB,8-shaped inductors: An essential addition to RFIC designers’ toolbox,10.1109/OJSSCS.2024.3455269,2024,5F5JIFQ4,2024_Guan et al_8-shaped inductors An essential additio.pdf
RIBTHE6P,5G mm-wave front-end-module design with advanced SOI process,10.1109/ASICON.2017.8252651,10/2017,SE794BZT,2017_Li et al_5G mm-wave front-end-module design with.pdf
K3YZU5VV,Pushing the performance boundaries of MmWave and sub-THz transceiver circuits through passive network design innovations,10.1109/MWSCAS60917.2024.10658735,2024-8-11,5DF4S84I,2024_Chi et al_Pushing the performance boundaries of Mm.pdf
JWHIMX48,Transfer learning assisted fast design migration over technology nodes: A study on transformer matching network,10.1109/IMS40175.2024.10600344,2024-6-16,Q4BDNMLP,2024_Chu et al_Transfer learning assisted fast design m.pdf
8ZSN9DRJ,A D-band InP power amplifier featuring fully AI-generated passive networks,10.1109/LMWT.2025.3566666,6/2025,H32WF55B,2025_Hang Chai et al_A D-band InP power amplifier featuring f.pdf
WMJW4L8U,PulseRF: Physics augmented ML modeling and synthesis for high-frequency RFIC design,10.1145/3676536.3676768,2024-10-27,5Z2R5WNL,2024_Chae et al_PulseRF Physics augmented ML modeling a.pdf
4JKWLQN3,Advancing electric vehicle battery management: A data-driven digital twin approach for real-time monitoring and performance enhancement,10.1109/tvt.2025.3565907,2025-09,YS9XZUHW,2025_Alamin et al_Advancing electric vehicle battery manag.pdf
6X78HGMI,Physics-informed neural network-enhanced model predictive temperature balancing control for li-ion battery modules,10.1109/tie.2025.3634436,2025,BUHQFDHA,2025_Jiang et al_Physics-informed neural network-enhanced.pdf
BLKPD658,A hybrid modelling approach for parameter estimation of analytical reflection models in the failure analysis process of semiconductors,10.1109/case49439.2021.9551454,2021-08-23,STYN95A8,2021_Kamm et al_A hybrid modelling approach for paramete.pdf
BF6XM4WU,Physics-informed neural networks for control of single-phase flow systems governed by partial differential equations,10.2139/ssrn.5177265,2025,UGEZXACA,2025_Miyatake et al_Physics-informed neural networks for con.pdf
UJ77TTT4,Application of machine learning in the design of electromagnetic structures,10.54337/aau770648027,,TDQ98XTD,Wang et al_Application of machine learning in the d.pdf
DB52W3UK,Physics-informed machine learning for transformer condition monitoring – part II: Physics-informed neural networks and uncertainty quantification,10.23919/arwtr66130.2025.11261232,2025-10-12,RPC2338E,2025_Aizpurua et al_Physics-informed machine learning for tr.pdf
8KYNDHCQ,Global sensitivity analysis and uncertainty quantification of crude distillation unit using surrogate model based on gaussian process regression,10.1021/acs.iecr.7b05173.s001,,F7959HBT,Global sensitivity analysis and uncertai.pdf
Y4PUBS2I,Comparative study of surrogate modeling methods for signal integrity and microwave circuit applications,10.1109/tcpmt.2021.3098666,9/2021,JV9XD429,2021_Nguyen et al_Comparative study of surrogate modeling.pdf
KRNHXHDL,https://publ.icgbio.ru/wp-content/uploads/2024/09/BGRSSB_2024_Abstracts-137-140.pdf,10.18699/bgrs2024-1.2-05,2024-09-19,8M5WCATC,2024_httpspubl.icgbio.ruwp-contentupload.pdf
97BUPLME,Multi-objective design of compact RF/microwave components using decomposition and surrogate modeling,10.1109/eumic.2015.7345106,9/2015,KEQUDDDT,2015_Koziel et al_Multi-objective design of compact RFmic.pdf
KV3U7KPC,Machine learning and statistical modeling,10.1007/1-4020-8035-2_3,2004,BRR447DS,2004_Machine learning and statistical modelin.pdf
YD32XTSY,On-chip spiral inductors with patterned ground shields for si-based RF ICs,10.1109/4.668989,5/1998,PBPRD4RD,1998_Yue et al_On-chip spiral inductors with patterned.pdf
CNKBS9ZK,Accurate systematic model-parameter extraction for on-chip spiral inductors,10.1109/ted.2008.2005131,11/2008,BB2R2V7H,2008_Chen et al_Accurate systematic model-parameter extr.pdf
NHBY73M7,Performance trends of on-chip spiral inductors for rfics,10.2528/pier03062303,2004,BLQ9Z8XL,2004_Pan et al_Performance trends of on-chip spiral ind.pdf
DD2ABY3H,A reconfigurable linear RF analog processor for realizing microwave artificial neural network,10.1109/TMTT.2023.3293054,2024-02,83FSBHAQ,2024_Zhu et al_A reconfigurable linear RF analog proces.pdf
WHHZFBC5,Adaptive synthesis using hybrid genetic algorithm and particle swarm optimization for reflectionless filter with lumped elements,10.1109/TMTT.2023.3276212,12/2023,B6NT8MDL,2023_Li et al_Adaptive synthesis using hybrid genetic.pdf
BBTK2IRX,Machine learning assisted design of mmWave radio frequency circuits,,,MZQ9BUGP,Machine_Learning_Assisted_Design_of_mmWave_RF_Circuits_UCI_Thesis.pdf
IBE77NYN,ASPDAC 2025: Invited paper,,,66FTRLQ3,Pdf.pdf
62P7W2IH,AI-assisted template-seeded pixelated design for multi-metal-layer high-coupling EM structures: A ku-band 6G FR3 PA in 22nm FDX+,10.1109/IMS40360.2025.11103802,2025-6-15,G6ZWCHZP,2025_Chu et al_AI-assisted template-seeded pixelated de.pdf
3HSLA5QN,Analysis and design of analog integrated circuits,,2024,ZQ25462F,2024_Gray et al_Analysis and design of analog integrated.pdf
6WBFNMM9,Design of analog CMOS integrated circuits,,2017,BUX6N5LZ,2017_Razavi et al_Design of analog CMOS integrated circuit.pdf
XC5LQ6ZH,RF microelectronics,,2012,GIYPV3N9,2012_Razavi et al_RF microelectronics.pdf
4NUTEDJH,Analog design essentials,,2006,SYJYUPYS,2006_Sansen et al_Analog design essentials.pdf
