key,title,item_type,url,doi
HUJMTUUW,Performance-oriented broadband inverse design of frequency-selective surfaces using multibranch autoencoders,journalArticle,https://ieeexplore.ieee.org/document/11274407/,10.1109/TMTT.2025.3633907
7C5VWXUM,A compact <i>E</i> -band load-modulation balanced power amplifier in 65-nm CMOS,journalArticle,https://ieeexplore.ieee.org/document/10546477/,10.1109/jssc.2024.3404610
J7ASQGD8,State Transfer Adaptive Matching Network Architecture (STA-MNA) Based on Deep Learning Used in RF Systems,conferencePaper,https://ieeexplore.ieee.org/document/11378688/,10.1109/APMC65046.2025.11378688
V9S3MBWP,Measurement-Driven Automated Design of High-Efficiency Power Amplifiers,conferencePaper,https://ieeexplore.ieee.org/document/10814353/,10.1109/ICICM63644.2024.10814353
WTWKBVN9,LASANA: Large-Scale Surrogate Modeling for Analog Neuromorphic Architecture Exploration,conferencePaper,https://ieeexplore.ieee.org/document/11189133/,10.1109/MLCAD65511.2025.11189133
JAWPPMIJ,ANN Based RF Energy Harvesting Antenna Design,conferencePaper,https://ieeexplore.ieee.org/document/10601049/,10.1109/SIU61531.2024.10601049
P9HIITPM,Neural Network based GaN HEMT Modelling for Millimeter Wave Power Amplifiers,conferencePaper,https://ieeexplore.ieee.org/document/9865646/,10.1109/IMS37962.2022.9865646
888WMN2X,Spiral Inductor ANN Scalable Model for 0.1um GaAs pHEMT Process,conferencePaper,https://ieeexplore.ieee.org/document/10812411/,10.1109/RFIT60557.2024.10812411
SHCT68JE,Novel Methods for Improved Particle Swarm Optimization in Designing the Bandgap Reference Circuit,journalArticle,https://ieeexplore.ieee.org/document/10353984/,10.1109/ACCESS.2023.3341492
JQREGAEF,Envelope Added Time-Delay Neural Network-based Digital Predistortion of Wideband Envelope Tracking Power Amplifiers,conferencePaper,https://ieeexplore.ieee.org/document/9618372/,10.1109/ICMMT52847.2021.9618372
HZTBRKTT,An Efficient Meta-Reinforcement Learning Approach for Circuit Linearity Calibration via Style Injection,conferencePaper,https://ieeexplore.ieee.org/document/10406135/,10.1109/MWSCAS57524.2023.10406135
7KU9BMKN,Self-Sensing Digital Predistortion of RF Power Amplifiers for 6G Intelligent Radio,journalArticle,https://ieeexplore.ieee.org/document/9677016/,10.1109/LMWC.2021.3139018
62MBJ4SF,Transfer Learning for the Behavior Prediction of Microwave Structures,journalArticle,https://ieeexplore.ieee.org/document/9930869/,10.1109/LMWC.2022.3214467
9QVE92WM,BLDC Engine Behavioral Model Approached with Machine Learning,conferencePaper,https://ieeexplore.ieee.org/document/11222176/,10.1109/CAS66707.2025.11222176
3GZEDHFX,A Design of Source-Switched Charge Pump Circuit with 65nm Technology by using Bayesian Optimization,conferencePaper,https://ieeexplore.ieee.org/document/10299853/,10.1109/ISEE59483.2023.10299853
KTZ2N4CV,Analog/Mixed-Signal Circuit Synthesis Enabled by the Advancements of Circuit Architectures and Machine Learning Algorithms,conferencePaper,https://ieeexplore.ieee.org/document/9712577/,10.1109/ASP-DAC52403.2022.9712577
CF5F5ARU,Machine Learning to Model and Predict Layout Dependent Effects on 55nm Low Power Platform,conferencePaper,https://ieeexplore.ieee.org/document/11017827/,10.1109/CSTIC64481.2025.11017827
TIRFVA4S,Transistor-Level A2 Trojan Anomaly Detection Method,conferencePaper,https://ieeexplore.ieee.org/document/11086025/,10.1109/EEISS65394.2025.11086025
5VIHCRPK,Spectral Probability Distribution of Crosstalk in Batches of Mixed Signal Circuits and an AI Design Tool,conferencePaper,https://ieeexplore.ieee.org/document/11197834/,10.1109/AE66163.2025.11197834
I39NIC79,Low-Power 9.6-11GHz and 10.8-12GHz VCOs Designed for a 2.5/5GHz TRx using High-Q Inductors Synthesized with ML Techniques,conferencePaper,https://ieeexplore.ieee.org/document/10745382/,10.1109/SMACD61181.2024.10745382
M5X433DI,Modeling of GaN HEMTs Based on BP Neural Networks,conferencePaper,https://ieeexplore.ieee.org/document/10813862/,10.1109/MAPE62875.2024.10813862
64MGFVC2,GaN Distributed RF Power Amplifer Automation Design with Deep Reinforcement Learning,conferencePaper,https://ieeexplore.ieee.org/document/9869961/,10.1109/AICAS54282.2022.9869961
7BHWK9I3,"Intelligent Analog and Mixed-Signal IC (I-AMS-IC) Design: A Conceptual Framework, and Case Study on AI Integration",conferencePaper,https://ieeexplore.ieee.org/document/11131067/,10.1109/IS3C65361.2025.11131067
7M7GBVUW,NeuroPump: Predictive Modeling of Charge Pump Performance Parameters Using Neural Network,conferencePaper,https://ieeexplore.ieee.org/document/11145006/,10.1109/TENSYMP63728.2025.11145006
2FPD6UV7,Automatic Optimal Design Method for Circuit Sizing Based on CNN Surrogate Model Assisted Differential Evolution Algorithm,journalArticle,https://ieeexplore.ieee.org/document/10683687/,10.1109/ACCESS.2024.3462952
SD5FW2KN,Generative AI for Analog Integrated Circuit Design: Methodologies and Applications,journalArticle,https://ieeexplore.ieee.org/document/10937153/,10.1109/ACCESS.2025.3553743
956N53R3,Millimeter-Wave Multi-Band Reconfigurable Differential Power Divider for 5G Communication,journalArticle,https://ieeexplore.ieee.org/document/9523605/,10.1109/TMTT.2021.3105120
UGIQE4UV,Automated Design of Analog Circuits Using Reinforcement Learning,journalArticle,https://ieeexplore.ieee.org/document/9576505/,10.1109/TCAD.2021.3120547
G35WEDFS,Multi-Gate Mixture-of-Experts for Predistortion of Power Amplifiers in Satellite Multi-Antenna System,journalArticle,https://ieeexplore.ieee.org/document/11114953/,10.1109/TVT.2025.3592389
UIC7TTS3,A Systematic Solution for the Problem of Spectral Degradation in Multiphase TX Architectures,journalArticle,https://ieeexplore.ieee.org/document/9476014/,10.1109/TCSII.2021.3095338
4YVAZH5Q,Conductive bridging-based memristive RF switches on a silicon substrate,journalArticle,https://ieeexplore.ieee.org/document/9609648/,10.1109/TMTT.2021.3124242
NA7PDKZH,Improved alternate test accuracy using weighted training sets,journalArticle,http://ieeexplore.ieee.org/document/7845263/,10.1109/DCIS.2016.7845263
TUTC2INP,2016_Liaperdos et al_Improved alternate test accuracy using w.pdf,attachment,https://ieeexplore.ieee.org/stampPDF/getPDF.jsp?tp=&arnumber=7845263&ref=,
UQAUREF6,Realization of a Power-Efficient Transmitter Based on Integrated Artificial Neural Network,journalArticle,https://ieeexplore.ieee.org/document/8529190/,10.1109/ACCESS.2018.2880033
ALCH89JY,2018_Kong et al_Realization of a Power-Efficient Transmi.pdf,attachment,https://ieeexplore.ieee.org/stampPDF/getPDF.jsp?tp=&arnumber=8529190&ref=,
QWI8XQGR,2016_Liaperdos et al_Improved alternate test accuracy using w.pdf,attachment,https://ieeexplore.ieee.org/stampPDF/getPDF.jsp?tp=&arnumber=7845263&ref=,
I49F4IZJ,A 12-lead ECG integrated circuit design with adjustable gain and bandwidth schemes,conferencePaper,https://ieeexplore.ieee.org/document/8311814/,10.1109/iFUZZY.2017.8311814
284PREGT,2017_Wu et al_A 12-lead ECG integrated circuit design.pdf,attachment,https://ieeexplore.ieee.org/stampPDF/getPDF.jsp?tp=&arnumber=8311814&ref=,
H9VXTFRI,2017_Wu et al_A 12-lead ECG integrated circuit design.pdf,attachment,https://ieeexplore.ieee.org/stampPDF/getPDF.jsp?tp=&arnumber=8311814&ref=,
B4XHABUV,2018_Kong et al_Realization of a Power-Efficient Transmi.pdf,attachment,https://ieeexplore.ieee.org/stampPDF/getPDF.jsp?tp=&arnumber=8529190&ref=,
AHT2ANDK,Analog Fault Identification in RF Circuits using Artificial Neural Networks and Constrained Parameter Extraction,conferencePaper,https://ieeexplore.ieee.org/document/8503117/,10.1109/NEMO.2018.8503117
3EAE3C39,2018_Viveros-Wacher et al_Analog Fault Identification in RF Circui.pdf,attachment,https://ieeexplore.ieee.org/stampPDF/getPDF.jsp?tp=&arnumber=8503117&ref=,
XPFI8A5E,An Accuracy Improvement of the Neuromorphic Functional Models by Using the Parallel ANN Architecture,conferencePaper,https://ieeexplore.ieee.org/document/9225034/,10.1109/EWDTS50664.2020.9225034
QBQSAFTA,2020_Mosin et al_An Accuracy Improvement of the Neuromorp.pdf,attachment,https://ieeexplore.ieee.org/stampPDF/getPDF.jsp?tp=&arnumber=9225034&ref=,
GKB2HUGI,Nonlinear models of digital filters and their application fields,journalArticle,http://ieeexplore.ieee.org/document/7779351/,10.1109/RED.2016.7779351
5PYEWRXN,2016_Solovyeva et al_Nonlinear models of digital filters and.pdf,attachment,https://ieeexplore.ieee.org/stampPDF/getPDF.jsp?tp=&arnumber=7779351&ref=,
IVCHUUP9,A four-way series doherty digital polar transmitter at mm-wave frequencies,journalArticle,https://ieeexplore.ieee.org/document/9675289/,10.1109/JSSC.2021.3133861
BC45G5YP,SAW-Less Direct RF Transmitter With Multimode Noise Shaping and Tri-Level Time-Approximation Filter,journalArticle,https://ieeexplore.ieee.org/document/9568646/,10.1109/JSSC.2021.3116933
R83ZNN95,Bandwidth optimization of doherty power amplifier based on source converters for 5G mobile handsets,journalArticle,https://ieeexplore.ieee.org/document/9618639/,10.1109/TMTT.2021.3124302
PUMWISJR,Deep Learning Driven Design of Highly Efficient Harmonic-Tuned Class F<sup>-1</sup> Power Amplifiers,journalArticle,https://ieeexplore.ieee.org/document/11235187/,10.23919/EuMC65286.2025.11235187
5H9VQK76,Deep Reinforcement Learning for Analog Circuit Structure Synthesis,journalArticle,https://ieeexplore.ieee.org/document/9774699/,10.23919/DATE54114.2022.9774699
F3M4AIRD,Efficient Performance Modeling for Automated CMOS Analog Circuit Synthesis,journalArticle,https://ieeexplore.ieee.org/document/9528897/,10.1109/TVLSI.2021.3107404
JQV7KWIG,"Machine Learning Technologies for RF/Microwave CAD: Past, Present and Future Perspectives",journalArticle,https://ieeexplore.ieee.org/document/9991872/,10.23919/EuMC54642.2022.9991872
ZBPE55IF,Time-Domain 3D Electromagnetic Fields Estimation Based on Physics-Informed Deep Learning Framework,journalArticle,https://ieeexplore.ieee.org/document/10992916/,10.23919/DATE64628.2025.10992916
G2E7CFVD,AI-Driven Electromagnetic Prediction with Pixelated Matching Networks for Broadband and Miniaturized Rectifier Design,journalArticle,https://ieeexplore.ieee.org/document/11394400/,10.23919/PIERS-Fall62445.2025.11394400
3QVMAT6P,Fast Synthesized Methods of Radio Frequency Filter Based on Neural Network,journalArticle,https://ieeexplore.ieee.org/document/10249781/,10.23919/ACES-China60289.2023.10249781
SX6TRTZI,Study of Spiking Neural Network-Based Regressor on Applications in Digital Predistortion for Power Amplifiers,journalArticle,https://ieeexplore.ieee.org/document/10365305/,10.1109/CommNet60167.2023.10365305
NM4UU4PF,Digital Predistortion of RF Power Amplifiers using DeepShift,journalArticle,https://ieeexplore.ieee.org/document/10119079/,10.1109/WCNC55385.2023.10119079
MW6EPM53,Research on Conducted Immunity Quantification Model of Operational Amplifier Based on Neural Networks and Feature Extraction,journalArticle,https://ieeexplore.ieee.org/document/10249590/,10.23919/ACES-China60289.2023.10249590
ABUT8TGG,6GS/s 8-channel CIC SAR TI-ADC with Neural Network Calibration,journalArticle,https://ieeexplore.ieee.org/document/9911287/,10.1109/ESSCIRC55480.2022.9911287
8Q8FW6UN,Data-Driven Leakage Power Prediction and Optimization for Analog Circuits Via Machine Learning and Deep Neural Networks,journalArticle,https://ieeexplore.ieee.org/document/11409499/,10.1109/EIECC67963.2025.11409499
D3CKDVAD,A Two-step Fine-tuning Assisted Layout Sizing Scheme for Analog/RF Circuits,journalArticle,https://ieeexplore.ieee.org/document/10558541/,10.1109/ISCAS58744.2024.10558541
C53C8Z25,Building Post-layout Performance Model of Analog/RF Circuits by Fine-tuning Technique,journalArticle,https://ieeexplore.ieee.org/document/9806251/,10.1109/ISQED54688.2022.9806251
F7PRC8DW,An Efficient Transfer Learning Assisted Global Optimization Scheme for Analog/RF Circuits,journalArticle,https://ieeexplore.ieee.org/document/10473798/,10.1109/ASP-DAC58780.2024.10473798
8KRK8TSN,Deep-Neural-Network-Based Automated Transformer Design for Multistage Wideband Millimeter-Wave Power Amplifiers,journalArticle,https://ieeexplore.ieee.org/document/11433107/,10.1109/TMTT.2026.3663369
67NQ2VB8,Neural Network-Based Wiener-Hammerstein Model for the Cancellation of Self-Interference in FDD Systems,journalArticle,https://ieeexplore.ieee.org/document/10603173/,10.1109/ICCCS61882.2024.10603173
ZEUTJPBU,Topology Generic DC-Model for Accelerating Analog Circuit Optimization,journalArticle,https://ieeexplore.ieee.org/document/10218550/,10.1109/ISEDA59274.2023.10218550
I6DVW7W7,DC-Model: A New Method for Assisting the Analog Circuit Optimization,journalArticle,https://ieeexplore.ieee.org/document/10129366/,10.1109/ISQED57927.2023.10129366
4ZSNQTPQ,Residual Real-Valued Time-Delay Convolutional Neural Network for Behavioral Modeling and Digital Predistortion,journalArticle,https://ieeexplore.ieee.org/document/10671957/,10.1109/ICMMT61774.2024.10671957
UAEU2CRW,Lightweight Complex-Valued Delay RBFNN for Predistortion of Wideband Power Amplifiers,journalArticle,https://ieeexplore.ieee.org/document/11151110/,10.1109/ICWOC65853.2025.11151110
PVQ5UUB5,Deep Learning-Assisted Inverse Design of Pixelated Two-Port RF Matching Networks,journalArticle,https://ieeexplore.ieee.org/document/11168098/,10.1109/iWEM65640.2025.11168098
UFT5NKAP,Dual-band Transmitter Linearization using Spiking Neural Networks,journalArticle,https://ieeexplore.ieee.org/document/9999916/,10.23919/APMC55665.2022.9999916
ZU4XX3VN,Behavioral Modeling of Nonlinear Power Amplifiers Using Spiking Neural Networks,journalArticle,https://ieeexplore.ieee.org/document/9842167/,10.1109/NEWCAS52662.2022.9842167
F4DQQVIZ,A Novel Transfer Learning Approach for Efficient RF Device Behavior Model Parameter Extraction,journalArticle,https://ieeexplore.ieee.org/document/10600238/,10.1109/IMS40175.2024.10600238
FT4C39D8,Behavioral Modeling of Ultra-Broadband mmWave Power Amplifier based on Augmented Long-Short Term Memory Networks,journalArticle,https://ieeexplore.ieee.org/document/9790468/,10.1109/iWEM53379.2021.9790468
PA67WEEV,Multidimensional Load-Pull Extrapolation for Accelerated Computer-Aided Design (CAD) Simulations,journalArticle,https://ieeexplore.ieee.org/document/10907182/,10.23919/USNC-URSINRSM66067.2025.10907182
9D7TP7BM,Multi-Dimensional Image Completion for Automated Power Amplifier Design,journalArticle,https://ieeexplore.ieee.org/document/10465124/,10.23919/USNC-URSINRSM60317.2024.10465124
76PTCB5F,Notice of Removal: An Ultra-wideband ADC using LSTM and Photonic Time Stretching,journalArticle,https://ieeexplore.ieee.org/document/10736266/,10.1109/MWP62612.2024.10736266
P7PR63S2,"Applications of Deep Learning Algorithms for RFEH, WPT and SWIPT Systems: A Review",journalArticle,https://ieeexplore.ieee.org/document/10265420/,10.23919/URSIGASS57860.2023.10265420
IIBQRH2Z,Multiphysics Analysis for Design-Assembly Consolidation with Additively Manufactured Waveguide Structures,journalArticle,https://ieeexplore.ieee.org/document/11052601/,10.23919/ACES66556.2025.11052601
9C94ZKGN,A Multiphysics-Based Machine Learning Framework for the Electromagnetic and Thermal Analysis of Electronic Devices,journalArticle,https://ieeexplore.ieee.org/document/11052495/,10.23919/ACES66556.2025.11052495
36GR4Z4G,A Data-Driven Analog Circuit Synthesizer with Automatic Topology Selection and Sizing,journalArticle,https://ieeexplore.ieee.org/document/10546840/,10.23919/DATE58400.2024.10546840
5BWJTPGK,New Concept of Analogue Adaptive Filter Based on Fully Analogue Artificial Neural Network,journalArticle,https://ieeexplore.ieee.org/document/9920436/,10.23919/NTSP54843.2022.9920436
XFMXHWWQ,Physics-Informed Graph Neural Networks for the Inverse Design of GHz Reconfigurable Antenna,journalArticle,https://ieeexplore.ieee.org/document/10999666/,10.23919/EuCAP63536.2025.10999666
A79TFA7J,Solving Inverse Problems with Deep Learning,journalArticle,https://ieeexplore.ieee.org/document/11052472/,10.23919/ACES66556.2025.11052472
KFFAK93P,CRONuS: Circuit Rapid Optimization with Neural Simulator,journalArticle,https://ieeexplore.ieee.org/document/10546592/,10.23919/DATE58400.2024.10546592
6W9XPQ65,An Algorithm for Converting PCB Via Structure to a Voxelized Mesh for Artificial Intelligence Models,journalArticle,https://ieeexplore.ieee.org/document/10906911/,10.23919/USNC-URSINRSM66067.2025.10906911
S9DWP97H,RF MEMS Switch Design Methodology by Electromagnetic Simulations and Machine Learning,journalArticle,https://ieeexplore.ieee.org/document/9924321/,10.23919/EuMC54642.2022.9924321
2Q3HNRMX,Sustainable Learning Multi-State Modeling of RF Power Amplifiers in Terahertz Communication Systems: Residual Deep Networks and Dynamic Calibration Optimization,journalArticle,https://ieeexplore.ieee.org/document/11394014/,10.23919/PIERS-Fall62445.2025.11394014
NFIS759J,Data-Driven Full-Functionality Modeling of Broadband Radio Frequency Components,journalArticle,https://ieeexplore.ieee.org/document/11235160/,10.23919/EuMC65286.2025.11235160
DV75XEJ3,Functionality Pre-Encoding: Indirect Learning Technique for Radio Frequency Devices Characterization,journalArticle,https://ieeexplore.ieee.org/document/11235217/,10.23919/EuMC65286.2025.11235217
P5XWV4EW,From Specification to Silicon: Towards Analog/Mixed-Signal Design Automation using Surrogate NN Models with Transfer Learning,journalArticle,https://ieeexplore.ieee.org/document/9643445/,10.1109/ICCAD51958.2021.9643445
5X7PMJSB,VSAGE: An End-to-End Automated VCO-Based ΔΣ ADC Generator,journalArticle,https://ieeexplore.ieee.org/document/10777924/,10.1109/TVLSI.2024.3507567
ZPKG4IBW,A 512-nW 0.003-mm² Forward-Forward Closed Box Trainer for an Analog Voice Activity Detector in 28-nm CMOS,journalArticle,https://ieeexplore.ieee.org/document/10660552/,10.1109/TCSII.2024.3452112
67S7Z8V8,Multi-Task Evolutionary to PVT Knowledge Transfer for Analog Integrated Circuit Optimization,journalArticle,https://ieeexplore.ieee.org/document/10323899/,10.1109/ICCAD57390.2023.10323899
5DC6R8E2,A Background Timing Skew Calibration for Time-Interleaved ADCs Based on Frequency Fitness Genetic Algorithm,journalArticle,https://ieeexplore.ieee.org/document/10373186/,10.1109/TIM.2023.3346515
7XJMED3J,Circuit Optimization over Multiple Process Corners for Analog Electronic Design Automation,journalArticle,https://ieeexplore.ieee.org/document/10275299/,10.1109/ICAC57885.2023.10275299
94CTA6AB,Decoupling Analog Circuit Representation from Technology for Behavior-Centric Optimization,journalArticle,https://ieeexplore.ieee.org/document/11133189/,10.1109/DAC63849.2025.11133189
EMS4JASR,Machine Learning-based Fast Circuit Simulation for Analog Circuit Array,journalArticle,https://ieeexplore.ieee.org/document/10299876/,10.1109/MLCAD58807.2023.10299876
NR48NUNJ,Fast IR-Drop Prediction of Analog Circuits Using Recurrent Synchronized GCN and Y-Net Model,journalArticle,https://ieeexplore.ieee.org/document/10546845/,10.23919/DATE58400.2024.10546845
MFE647XZ,Encoding Network Optimization with Phase Quantization for the Machine-Learning-based Coding Digital Receiving Array,journalArticle,https://ieeexplore.ieee.org/document/10222580/,10.1109/IWS58240.2023.10222580
VNHW9U3N,Parasitic Capacitance Prediction for Standard Cells Using Machine Learning and K-Means Clustering Algorithm,journalArticle,https://ieeexplore.ieee.org/document/10879646/,10.1109/ICEIC64972.2025.10879646
M2PT9VN6,AI-Assisted EM Simulator For The Randomized Pixelated RF Components,journalArticle,https://ieeexplore.ieee.org/document/11378046/,10.1109/APMC65046.2025.11378046
4FG82GF8,Machine-Learning-Based Design Automation for Optimizing Analog/RF Circuit Applications,journalArticle,https://ieeexplore.ieee.org/document/10390878/,10.1109/IC-NIDC59918.2023.10390878
M2H9GFT5,Active Learning-Based Sampling for Surrogate Modeling of Microstrip Bandpass Filters,journalArticle,https://ieeexplore.ieee.org/document/11419031/,10.1109/IMFW64610.2026.11419031
838QIGT7,Deep Neural Network RF Model for SiGe HBT in Breakdown Regime,journalArticle,https://ieeexplore.ieee.org/document/10286855/,10.1109/LMWT.2023.3321629
R2GETN9X,A Neural-Recording 0.2-V VCO-based ADC with Machine-Learning-Programmable Coupled Oscillator Ensembles,journalArticle,https://ieeexplore.ieee.org/document/10162043/,10.1109/ISSC59246.2023.10162043
SIC799AX,Heterogeneous Integration of Optical Biosensing with Electrode Coated ECG and PPG Applications,journalArticle,https://ieeexplore.ieee.org/document/11082210/,10.1109/WOCC63563.2025.11082210
JRI7GTKC,Analysis of Graphene-Silicon Based Two-Port THz Patch Antenna using Machine Learning Algorithms,journalArticle,https://ieeexplore.ieee.org/document/10967897/,10.1109/CSNT64827.2025.10967897
Z72NE6ES,Machine Learning-Aided Piece-Wise Modeling Technique of Power Amplifier for Digital Predistortion,journalArticle,https://ieeexplore.ieee.org/document/10096989/,10.1109/ICASSP49357.2023.10096989
5M4GH26D,Using Neural Networks for Semiconductor Package Optimization,journalArticle,https://ieeexplore.ieee.org/document/10161948/,10.1109/ORSS58323.2023.10161948
BHE266A4,Performance Prediction of Power Amplifiers for the Extended Bandwidth via Neural Networks,journalArticle,https://ieeexplore.ieee.org/document/10224038/,10.1109/SIU59756.2023.10224038
V2HS7MRP,Combinational of GAN and LSTM-Based DNN for Automatic Optimization of Active and Passive Devices,journalArticle,https://ieeexplore.ieee.org/document/11266320/,10.1109/AP-S/CNC-USNC-URSI55537.2025.11266320
P7KTX58C,Combination of Pareto Optimal Front with Deep Neural Networks in Optimizing and Enhancing Performance of RF Designs,journalArticle,https://ieeexplore.ieee.org/document/10223987/,10.1109/SIU59756.2023.10223987
IHBTCH7G,Power Amplifier Modeling along with Hyperparameter Optimization of LSTM-based DNN through Multi-Verse Optimizer,journalArticle,https://ieeexplore.ieee.org/document/11091948/,10.1109/SMACD65553.2025.11091948
79PQFGEF,Fully Automated Inside Body WDT Transmitter Design and Optimization Through Artificial Intelligence-Based GANs and DNNs,journalArticle,https://ieeexplore.ieee.org/document/10817101/,10.1109/LAWP.2024.3523379
A8WUFKZV,Late Breaking Results: Automated Topology Generation for Power Amplifier Designs through BiLSTM-based DNN and Multi-objective Optimizations,journalArticle,https://ieeexplore.ieee.org/document/11133206/,10.1109/DAC63849.2025.11133206
NIWUA575,Machine Learning-Based Parametric Fault Detection in Analog and Mixed-Signal Circuits,journalArticle,https://ieeexplore.ieee.org/document/11116895/,10.1109/IOLTS65288.2025.11116895
R25EDRQA,Accuracy Is Not Always We Need: Precision-Aware Bayesian Yield Optimization,journalArticle,https://ieeexplore.ieee.org/document/11133024/,10.1109/DAC63849.2025.11133024
8SXEBX85,Machine Learning Algorithms Based on Variations of the Least Squares Method for Power Amplifier Distortion Compensation,journalArticle,https://ieeexplore.ieee.org/document/10947698/,10.1109/IEEECONF64229.2025.10947698
DKZWZ3J4,OATT: Outlier Oriented Alternative Testing and Post-Manufacture Tuning of Mixed-Signal/RF Circuits and Systems,journalArticle,https://ieeexplore.ieee.org/document/10350043/,10.1109/ITC51656.2023.00014
EN5SZWVE,AI-Powered Revolution,journalArticle,https://ieeexplore.ieee.org/document/10908607/,10.1109/MNANO.2025.3533936
M25G4FD9,A Side-Channel Attack-Resilient Single-Slope ADC for Image Sensor Applications,journalArticle,https://ieeexplore.ieee.org/document/11092095/,10.1109/SMACD65553.2025.11092095
PJ7R3V3I,Optimized Low-Power Mixed-Signal Sensor Systems: Improved Cross-Domain Approach to Maintain Classification Accuracy,journalArticle,https://ieeexplore.ieee.org/document/10967955/,10.1109/ICICACS65178.2025.10967955
ZGP6C9HR,On Digital Optimization of Analog Self-Interference Cancellation for Full-Duplex Wireless Systems,journalArticle,https://ieeexplore.ieee.org/document/11226115/,10.23919/EUSIPCO63237.2025.11226115
92BBMHU3,LEDRO: LLM-Enhanced Design Space Reduction and Optimization for Analog Circuits,journalArticle,https://ieeexplore.ieee.org/document/11106097/,10.1109/ICLAD65226.2025.00011
M78I5QU5,Artificial Neural Network-Based Compact Model for Circuit Simulation of a 4- Transistor Active Pixel Sensor Including Conversion Gain Prediction,journalArticle,https://ieeexplore.ieee.org/document/10457179/,10.1109/ICEIC61013.2024.10457179
DVWV7T9W,Deep learning-driven phase calibration methodology for enhanced beamforming in integrated optical phased array,journalArticle,https://ieeexplore.ieee.org/document/10544128/,10.1109/SiPhotonics60897.2024.10544128
2I29A2W7,PPAAS: PVT and Pareto Aware Analog Sizing via Goal-conditioned Reinforcement Learning,journalArticle,https://ieeexplore.ieee.org/document/11240795/,10.1109/ICCAD66269.2025.11240795
6DCA45A2,Novel Optimization Method of Multi-Devices Using TCAD Driven Machine Learning in BCD Process,journalArticle,https://ieeexplore.ieee.org/document/11118175/,10.23919/ISPSD62843.2025.11118175
QTSNBMPJ,Ultra-Fast and Efficient Design Method Using Deep Learning for Capacitive Coupling WPT System,journalArticle,https://ieeexplore.ieee.org/document/10264117/,10.1109/TPEL.2023.3319505
7KTE6NVU,"Development, Optimization, and Application of ML based Modeling of Printed VO<sub>2</sub> RF Switch",journalArticle,https://ieeexplore.ieee.org/document/10378928/,10.1109/ICM60448.2023.10378928
W22HV9E2,Gradient Descent ANN Modelling of RF MEMS Switch for Defense Applications,journalArticle,https://ieeexplore.ieee.org/document/10046718/,10.1109/MAPCON56011.2022.10046718
TKAJRR4H,RF filter design using Deep Learning and Artificial Intelligence,journalArticle,https://ieeexplore.ieee.org/document/10038522/,10.1109/NEMO51452.2022.10038522
QNT2CIVU,RI-SAR: Randomized Input SAR ADC Resilient to Power Side Channel Attacks,journalArticle,https://ieeexplore.ieee.org/document/10317991/,10.1109/PAINE58317.2023.10317991
BPSFS8AN,Artificial Intelligence-Driven Mixed-Signal SI/PI Optimization in Ultrasonic Sensor Arrays: A 58kHz Bandpass Filter Design Approach,journalArticle,https://ieeexplore.ieee.org/document/11379585/,10.1109/ICECONF65644.2025.11379585
7AXZD3RP,Detection of Faulty Components in Analog Filters using Fuzzy Logic,journalArticle,https://ieeexplore.ieee.org/document/10193186/,10.1109/ICESC57686.2023.10193186
AHC7W3KT,Deep Learning based Modeling and Inverse Design for Arbitrary Planar Antenna Structures at RF and Millimeter-Wave,journalArticle,https://ieeexplore.ieee.org/document/9887077/,10.1109/AP-S/USNC-URSI47032.2022.9887077
RN92Q98A,Determination of Channel Parameters of FinFET using Artificial Neural Networks in Current Mirror Applications,journalArticle,https://ieeexplore.ieee.org/document/10415962/,10.1109/ELECO60389.2023.10415962
Q8NQQIZM,AuxcellGen: A Framework for Autonomous Generation of Analog and Memory Unit Cells,journalArticle,https://ieeexplore.ieee.org/document/10137270/,10.23919/DATE56975.2023.10137270
EINMXH2J,Machine Learning Assisted Design of Frequency Variants of Low-Noise Amplifiers Using Hybrid of NN with Bayesian Optimization,journalArticle,https://ieeexplore.ieee.org/document/11234362/,10.23919/EuMIC65284.2025.11234362
BBXXR7ET,Design and Optimization of Ultra-Low Voltage Mixed-Signal Circuits for Autonomous Wearable Biomedical Systems in Noisy Environments,journalArticle,https://ieeexplore.ieee.org/document/11385581/,10.1109/IETACS68750.2025.11385581
9R8RJN8N,EMGraph: Fast Learning-Based Electromigration Analysis for Multi-Segment Interconnect Using Graph Convolution Networks,journalArticle,https://ieeexplore.ieee.org/document/9586239/,10.1109/DAC18074.2021.9586239
2SNMPZZS,HR<sup>2</sup> : A PVT Aware Hierarchical RL Based Sizing Framework for Robust Analog Circuit Design,journalArticle,https://ieeexplore.ieee.org/document/11189231/,10.1109/MLCAD65511.2025.11189231
2ZR6KT86,A Hybrid Time-Frequency Approach for Broadband Modeling of Highly Resonant Microwave and RF Devices,journalArticle,https://ieeexplore.ieee.org/document/11305706/,10.1109/ICEAA65662.2025.11305706
GJHC3UZ6,Machine Learning Based Parameters Estimation for Electrical Circuits and Semiconductor Device Models,journalArticle,https://ieeexplore.ieee.org/document/11238507/,10.1109/ECCE-Europe62795.2025.11238507
RW4UMC8G,Electrothermal Modelling of Drain Current in GaN HEMTs using Artificial Neural Network and Global Optimization Techniques,journalArticle,https://ieeexplore.ieee.org/document/10881530/,10.1109/MoSICom63082.2024.10881530
9JZQ6R8J,The Initialization Effect: Refining Bayesian Optimization for Circuit Design,journalArticle,https://ieeexplore.ieee.org/document/11172370/,10.1109/TCASAI.2025.3609742
J4ZDJ4K9,Trojan Localization in Generic AMS Circuits from Combined Power and Functional Queries,journalArticle,https://ieeexplore.ieee.org/document/11050049/,10.1109/HOST64725.2025.11050049
ZNFCV8M5,Recognition of Hand-Drawn Designs of Electronic Analog Circuits,journalArticle,https://ieeexplore.ieee.org/document/10612373/,10.23919/SpliTech61897.2024.10612373
B55R4632,Towards Machine-Learning-based Oracle-Guided Analog Circuit Deobfuscation,journalArticle,https://ieeexplore.ieee.org/document/10766677/,10.1109/ITC51657.2024.00053
MSA43TU6,Machine Learning for High Sigma Analog Designs (Invited),journalArticle,https://ieeexplore.ieee.org/document/10740260/,10.1109/MLCAD62225.2024.10740260
3B8XH4Z3,Pre-compensation of Transmitter Impairments via ILC-Inspired Neural Network,journalArticle,https://ieeexplore.ieee.org/document/10975531/,10.1109/OECC54135.2024.10975531
PAU34WET,Machine Learning-Based Calibration Algorithm for Harmonic Rejection N-Path Mixers,journalArticle,https://ieeexplore.ieee.org/document/10732474/,10.23919/EuMC61614.2024.10732474
ZEB3P26P,Toward Battery-Free Implants: A High-Efficiency Rectenna Design with SAR-Aware Optimization,journalArticle,https://ieeexplore.ieee.org/document/11172145/,10.1109/QPAIN66474.2025.11172145
4UF626ZE,CMOS Mixer and VCO with Balun for ZigBee Health Monitoring and Communications,journalArticle,https://ieeexplore.ieee.org/document/10427036/,10.1109/CSRSWTC60855.2023.10427036
2CSVW5EW,A CNN-based One-shot Blind RX-side-only Equalization Scheme for High-speed SerDes links,journalArticle,https://ieeexplore.ieee.org/document/10595918/,10.1109/AICAS59952.2024.10595918
Z4TSMNZR,Comparative Analysis of PAPR Reduction Method using Windowing Technique and Digital Predistortion Technique for OFDM Systems,journalArticle,https://ieeexplore.ieee.org/document/10895637/,10.1109/ICRASET63057.2024.10895637
F4XWQ6IU,Decision Tree Based Small-Signal Modelling of GaN HEMT and CAD Implementation,journalArticle,https://ieeexplore.ieee.org/document/9730309/,10.1109/ICCE53296.2022.9730309
DQSXVK3R,GA Assisted ANN based GaN HEMT Model Development and Demonstration of its CAD Incorporation for Class-F Power Amplifier,journalArticle,https://ieeexplore.ieee.org/document/10102998/,10.1109/EDTM55494.2023.10102998
7J2UPX73,Grey Wolf Optimizer Aided ANN Based Behavioral Modelling Scheme for Fully Printed VO<sub>2</sub> Switches,journalArticle,https://ieeexplore.ieee.org/document/10382818/,10.1109/ICECS58634.2023.10382818
I85EXXMS,A scalable model for on-chip spiral inductors by Space-mapping neural network,journalArticle,https://ieeexplore.ieee.org/document/10389087/,10.1109/ISAP57493.2023.10389087
7DEH6SUB,Inline Impedance Mismatch Measurement and Correction System With Enhanced Accuracy and Low Insertion Loss for Mass Production of Compact RF Links,journalArticle,https://ieeexplore.ieee.org/document/11099011/,10.1109/LMWT.2025.3590791
MBRUJV54,Analog/RF Circuit Aging Prediction based on On-Chip Machine Learning,journalArticle,https://ieeexplore.ieee.org/document/10206385/,10.1109/ICAIBD57115.2023.10206385
TXM8BMAT,Unveiling Analog Aging Trojans (ATs): Vulnerabilities and Detection Strategies,journalArticle,https://ieeexplore.ieee.org/document/10658781/,10.1109/MWSCAS60917.2024.10658781
74TNXJK3,Investigation Over the Complexity of Transfer Learning Neural Network RF Transistor Models,journalArticle,https://ieeexplore.ieee.org/document/11215266/,10.1109/NEMO62710.2025.11215266
E9G3A837,From Systematic to Intelligent: Assessing AI-Empowered Optimization Techniques for Analog Building Block Sizing,journalArticle,https://ieeexplore.ieee.org/document/11187385/,10.1109/ACCESS.2025.3616647
2SXISRHV,An ASGC-Surrogate Model Based Yield Optimization for Passive Microwave Devices with Differential Evolution Algorithm,journalArticle,https://ieeexplore.ieee.org/document/10107081/,10.1109/IMWS-AMP54652.2022.10107081
RRS5H7R6,Fast Simulation of Analog Spiking Neural Network With Device Non-Idealites,journalArticle,https://ieeexplore.ieee.org/document/10089170/,10.1109/TCSII.2023.3263048
QE7I3888,Reinforcement-Learning-based Mixed-Signal IC Placement for Fogging Effect Control,journalArticle,https://ieeexplore.ieee.org/document/9806259/,10.1109/ISQED54688.2022.9806259
SG57JDVK,A Machine Learning Approach to Varactor Diode Modeling,journalArticle,https://ieeexplore.ieee.org/document/9881467/,10.23919/USNC-URSINRSM57467.2022.9881467
PKPQ8QU5,Deep Neural Network Dataset Collection for Optimal Positioning of a Capacitive Compensated Schiffman Phase Shifter,journalArticle,https://ieeexplore.ieee.org/document/10212927/,10.1109/ITC-CSCC58803.2023.10212927
EEKGNMVM,Application of Machine Learning Method in the Modeling and Designing of Semiconductor Power Devices,journalArticle,https://ieeexplore.ieee.org/document/9963153/,10.1109/ICSICT55466.2022.9963153
UKDSG82S,A Novel Design Methodology for a Multioctave GaN-HEMT Power Amplifier Using Clustering Guided Bayesian Optimization,journalArticle,https://ieeexplore.ieee.org/document/9775928/,10.1109/ACCESS.2022.3175870
DPMU2FMS,A Machine Learning Based Built-In Self-Test Method for Lifetime Frequency Drift Compensation of Precision Oscillators,journalArticle,https://ieeexplore.ieee.org/document/11141615/,10.1109/ITCIndia66078.2025.11141615
535B4XPS,A Broadband Asymmetric Doherty Power Amplifier Design Based on Multiobjective Bayesian Optimization: Theoretical and Experimental Validation,journalArticle,https://ieeexplore.ieee.org/document/9866039/,10.1109/ACCESS.2022.3201348
MAVIEHUF,tSS-BO: Scalable Bayesian Optimization for Analog Circuit Sizing via Truncated Subspace Sampling,journalArticle,https://ieeexplore.ieee.org/document/10546770/,10.23919/DATE58400.2024.10546770
HJ5N8DTI,Automated Broadband Outphasing Power Amplifier Design via Genetic Bayesian Multiobjective Optimization,journalArticle,https://ieeexplore.ieee.org/document/11236962/,10.1109/LMWT.2025.3623611
X8D7WTZQ,Multibeam Tracking for Future Multi-User Communications Employing Generalized Joined Coupler Matrix,journalArticle,https://ieeexplore.ieee.org/document/10815770/,10.1109/ICSPCS63175.2024.10815770
QCX7Z4GA,A Brief 20-Year History and Future Perspectives on Sizing and Layout Synthesis of Analog/RF ICs,journalArticle,https://ieeexplore.ieee.org/document/11142874/,10.1109/MDAT.2025.3603144
V6ZIVCMR,"Machine Learning-enabled method for Design, Modelling and optimization of Microwave Antennas and RF Devices",journalArticle,https://ieeexplore.ieee.org/document/10424571/,10.1109/ICCCEE55951.2023.10424571
RB4WJ2J3,Radiation-Hardened—AI-Accelerated Custom IC Design Methodology,journalArticle,https://ieeexplore.ieee.org/document/11015949/,10.1109/ACCESS.2025.3574058
4VRV25N4,Recurrent Neural Network Equalization for Wireline Communication Systems,journalArticle,https://ieeexplore.ieee.org/document/9714474/,10.1109/TCSII.2022.3152051
ITRV5INC,Machine Learning Framework for Analog Filter Fault Identification,journalArticle,https://ieeexplore.ieee.org/document/11377989/,10.1109/ICIIET65921.2025.11377989
GA5RGFSB,"Bring Your Own Code: A Simulation Framework to Harness Optimization, Artificial Intelligence, and Automation Techniques for Microwave Design",journalArticle,https://ieeexplore.ieee.org/document/11219423/,10.1109/MMM.2025.3617448
MMTGVC93,Accelerating Surrogate Modeling for Electromagnetic Device Using Active Learning,journalArticle,https://ieeexplore.ieee.org/document/11314532/,10.1109/TMAG.2025.3647963
J5CRS44Q,A Neural Network-Based Pre-Distorter for Linearization of RF Power Amplifiers,journalArticle,https://ieeexplore.ieee.org/document/10421055/,10.1109/MMS59938.2023.10421055
S45SDK2U,Explicit Modeling of Audio Circuits With Multiple Nonlinearities for Virtual Analog Applications,journalArticle,https://ieeexplore.ieee.org/document/10839128/,10.1109/OJSP.2025.3528334
MJRB32ZW,Analog synthesis 3.0: AI/ML to synthesize and test analog ICs: hope or hype ?,journalArticle,https://ieeexplore.ieee.org/document/10299830/,10.1109/MLCAD58807.2023.10299830
RCNQU5R9,A PSO-Based Maximum Efficiency Optimization for Wireless Power Transfer Systems with Class-E Power Amplifier,journalArticle,https://ieeexplore.ieee.org/document/10146180/,10.1109/ICACI58115.2023.10146180
K3MC3VXI,A Novel Test Stimulus Generation Method Based On Ensemble Learners for Analog Circuits,journalArticle,https://ieeexplore.ieee.org/document/10920505/,10.1109/ICSMD64214.2024.10920505
MW5NDBNB,RoSE: Robust Analog Circuit Parameter Optimization with Sampling-Efficient Reinforcement Learning,journalArticle,https://ieeexplore.ieee.org/document/10247991/,10.1109/DAC56929.2023.10247991
T4ZQG7TX,Multimodal Deep Feature Fusion Network-Assisted Optimization of Microstrip Antenna Geometry Design,journalArticle,https://ieeexplore.ieee.org/document/11249730/,10.1109/TAP.2025.3630869
KXT55KC5,Design of CMOS-Based Ring Oscillator for VCO Application Using Neural Network,journalArticle,https://ieeexplore.ieee.org/document/10458832/,10.1109/MoSICom59118.2023.10458832
5WCXFSCU,A Self-interference Canceller Design Based on Knowledge-driven Neural Network,journalArticle,https://ieeexplore.ieee.org/document/10671093/,10.1109/ICEICT61637.2024.10671093
ZCT25CKP,A Deepseek-Based Smart Behavioral Modeling Method for RF Power Transistor,journalArticle,https://ieeexplore.ieee.org/document/11215387/,10.1109/NEMO62710.2025.11215387
9FUVZKDZ,Physics Embedded Neural Network (PENN) Architecture for Solving Maxwell’s Equations towards Accelerated Microwave Modeling,journalArticle,https://ieeexplore.ieee.org/document/10463927/,10.1109/MAPCON58678.2023.10463927
JK2KBN4Z,An Effective Modelling of Optimized High-Speed VLSI Analog Circuit Layout using Fine-Tuned Deep Reinforcement Learning Framework,journalArticle,https://ieeexplore.ieee.org/document/11401285/,10.1109/ICECER65523.2025.11401285
IXZS7A44,Automated EM/IR-Drop Prediction Framework for Reliability-Aware Analog Layouts Using Deep Reinforcement Learning Technique,journalArticle,https://ieeexplore.ieee.org/document/11321333/,10.1109/ICM66518.2025.11321333
DZTM34SB,Analysis and Optimization of an Analog MOSFET with a Slit Well at Channel Center Towards Higher Output Resistance,journalArticle,https://ieeexplore.ieee.org/document/9947095/,10.1109/ESSDERC55479.2022.9947095
B2HAKM6G,Phase-Normalized Neural Network for Linearization of RF Power Amplifiers,journalArticle,https://ieeexplore.ieee.org/document/10176354/,10.1109/LMWT.2023.3290980
5NR57EPA,Towards a Machine Learning Based Method for Indirect Test Generation of Mixed-Signal Circuits,journalArticle,https://ieeexplore.ieee.org/document/10261952/,10.1109/SBCCI60457.2023.10261952
95STP2NH,Smart Stability: Advancing LDOs Through Loop Gain Modulated Architectures,journalArticle,https://ieeexplore.ieee.org/document/11340082/,10.1109/ICE2CPT66440.2025.11340082
QJWZ74TH,ChipMnd: LLMs for Agile Chip Design,journalArticle,https://ieeexplore.ieee.org/document/11022936/,10.1109/VTS65138.2025.11022936
8HIXQ278,Indirect Test Pattern Generation for Mixed-Signal Circuits Using Machine Learning,journalArticle,https://ieeexplore.ieee.org/document/10929002/,10.1109/MDAT.2025.3551949
V55KJ6DS,Artificial Intelligence Based High Power Calibration Method for RF Pulse Amplifiers,journalArticle,https://ieeexplore.ieee.org/document/10538719/,10.1109/VTS60656.2024.10538719
7MDHD9JA,Performance Analysis of CMOS Full Adder Using Machine Learning,journalArticle,https://ieeexplore.ieee.org/document/10964994/,10.1109/ICETEMS64039.2024.10964994
8978PIV9,MOSTAR: Multi-Stage Hierarchical Bayesian Optimization for Substructure-Aware High-Dimensional Analog Circuit Sizing,journalArticle,https://ieeexplore.ieee.org/document/11420667/,10.1109/ASP-DAC66049.2026.11420667
K2JIXTN4,Correlation-Guided Flexible Bayesian Optimization for Analog IC Sizing,journalArticle,https://ieeexplore.ieee.org/document/11413086/,10.1109/ISRIMT67769.2025.11413086
RCF7SXBS,Solving the Inverse Problem of Analog Integrated Circuit Sizing with Diffusion Models,journalArticle,https://ieeexplore.ieee.org/document/10745460/,10.1109/SMACD61181.2024.10745460
GQDUCCD3,AI-Driven Multi-Level Delta-Sigma Modulator for Software Defined Radios in 6G,journalArticle,https://ieeexplore.ieee.org/document/11319017/,10.1109/ETECOM66111.2025.11319017
IQW68QS8,Review on Analog Circuit Optimization Using Deep Learning Algorithm,journalArticle,https://ieeexplore.ieee.org/document/10421610/,10.1109/MMS59938.2023.10421610
3BVWXUS6,Automatic Design of Structural Parameters for GaN HEMT Using Genetic Algorithm and Artificial Neural Networks,journalArticle,https://ieeexplore.ieee.org/document/10617532/,10.1109/ISEDA62518.2024.10617532
236NXRKK,Performance Estimate of Multi-Terminal Dielectric Array Radiator using Machine Learning Techniques,journalArticle,https://ieeexplore.ieee.org/document/11448537/,10.1109/GCWCN66157.2025.11448537
9S5M5P46,Automated Deep Learning Platform for Accelerated Analog Circuit Design,journalArticle,https://ieeexplore.ieee.org/document/9908139/,10.1109/SOCC56010.2022.9908139
HU6S3H94,Machine Learning-Assisted Multiobjective Optimization of Advanced Node Gate-All-Around Transistor for Logic and RF Applications,journalArticle,https://ieeexplore.ieee.org/document/10374432/,10.1109/TED.2023.3345288
Q87VTKZI,Neural Network Model-based Self-interference Cancellers for True Full-duplex Systems,journalArticle,https://ieeexplore.ieee.org/document/9998597/,10.1109/ISAP53582.2022.9998597
4SRTHNWR,Accelerating Voltage-Controlled Oscillator Sizing Optimizations with ANN-based Convergence Classifiers and Frequency Guess Predictors,journalArticle,https://ieeexplore.ieee.org/document/9816265/,10.1109/SMACD55068.2022.9816265
9KHNGQ3X,Machine Learning Based Regression Model for Automated Analog Circuit Design over Different Transistor Regions,journalArticle,https://ieeexplore.ieee.org/document/10958405/,10.1109/INDICON63790.2024.10958405
3M4DC3UV,Research on Optimizing Coastal Water Quality Index Assessment using Machine Learning Algorithms,journalArticle,https://ieeexplore.ieee.org/document/10498785/,10.1109/ICICACS60521.2024.10498785
DXXK35VK,RF Design-Oriented ACM Model Generation Using Parametric Test and Machine Learning Regression in 28nm FD-SOI CMOS Technology,journalArticle,https://ieeexplore.ieee.org/document/11457152/,10.1109/LASCAS67804.2026.11457152
45QKCD9E,Autogenerating Training Set for Model Extraction of the behavioral model in RF Simulation Using Machine Learning Algorithm,journalArticle,https://ieeexplore.ieee.org/document/9963294/,10.1109/ICSICT55466.2022.9963294
W6JDTNV2,Improved Temperature- and Power-Dependent Convolutional NN-Based PA,journalArticle,https://ieeexplore.ieee.org/document/10121556/,10.1109/LMWT.2023.3268796
DJJ3NKGC,Transfer Learning Optimized PA Behavioral Modeling over 2D Operation States,journalArticle,https://ieeexplore.ieee.org/document/10438599/,10.1109/RWS56914.2024.10438599
EXKUK5JW,Data-Driven Model-Based Design Approach for Class EFJ Power Amplifier with Analog Predistortion Circuit,journalArticle,https://ieeexplore.ieee.org/document/10463784/,10.1109/MAPCON58678.2023.10463784
VSW4934I,Data-Driven Approach for Dynamic Comparator in Analog-to-Digital Conversion,journalArticle,https://ieeexplore.ieee.org/document/11375215/,10.1109/TENCON66050.2025.11375215
6FD6DRD2,A Dual-Band Millimeter Wave Cylindrical Dielectric Resonator Antenna Using Machine Learning Approach,journalArticle,https://ieeexplore.ieee.org/document/10503490/,10.1109/IATMSI60426.2024.10503490
SNZ2PBJV,Enhancing Reinforcement Learning for the Floorplanning of Analog ICs with Beam Search,journalArticle,https://ieeexplore.ieee.org/document/11092015/,10.1109/SMACD65553.2025.11092015
RCS4TZGD,A Graph Attention Network Based System for Robust Analog Circuits’ Structure Recognition Involving a Novel Data Augmentation Technique,journalArticle,https://ieeexplore.ieee.org/document/10440102/,10.1109/ACCESS.2024.3367598
KH29PENK,Reliability Test Optimization of Mixed-Signal ICs Using Few-Shot Characterization and CNN-LSSVM Enhanced Performance Drift Estimation,journalArticle,https://ieeexplore.ieee.org/document/11319356/,10.1109/TIM.2025.3648097
GEVE73JH,A comprehensive generalization of a Graph-Attention-Network GAT based system towards real IP analog-mixed-signal AMS schematics structure recognition,journalArticle,https://ieeexplore.ieee.org/document/10382859/,10.1109/ICECS58634.2023.10382859
C47VTSH7,Brief Research of Traditional and AI-based Models for IMD2 Cancellation,journalArticle,https://ieeexplore.ieee.org/document/10618176/,10.1109/PIERS62282.2024.10618176
E9I5C4JR,Device-to-Package Electrothermal Performance Prediction of Power MOSFETs via Coupled Iterative Dual-Artificial Neural Networks,journalArticle,https://ieeexplore.ieee.org/document/11392269/,10.1109/EPTC67330.2025.11392269
RVWJFR8G,Device-Package-Level Electrothermal Performance Prediction of Power MOSFETs Using Data Generation-Based Artificial Neural Networks,journalArticle,https://ieeexplore.ieee.org/document/11270892/,10.1109/TED.2025.3636499
PJNZ4RC9,Deep Neural Network Based Digital Predistorter of Power Amplifiers,journalArticle,https://ieeexplore.ieee.org/document/9677871/,10.23919/ELECO54474.2021.9677871
K8HIXNR9,Scalable Design of an Atomic Clock Stabilized and ML-Optimized RF Synthesizer,journalArticle,https://ieeexplore.ieee.org/document/10906606/,10.1109/TIM.2025.3545529
MWUS4NRQ,Predicting Digital Layout Success in Analog-on-Top Designs Using Machine Learning,journalArticle,https://ieeexplore.ieee.org/document/11107059/,10.1109/NewCAS64648.2025.11107059
IHCUAH2E,Automatically Device Sizing of Analog Circuit through Sequential Model-Based Optimization with Circuit Recognition,journalArticle,https://ieeexplore.ieee.org/document/10830994/,10.1109/ICSICT62049.2024.10830994
FZ8IUXGQ,Knowledge-Based Extrapolation of Neural Network Model for Transistor Modeling,journalArticle,https://ieeexplore.ieee.org/document/10980628/,10.1109/LMWT.2025.3562538
HZJ69FF5,Performance Prediction and Parameter Synthesis of OTFT Amplifiers Using Neural Networks,journalArticle,https://ieeexplore.ieee.org/document/11121971/,10.1109/IWASI66786.2025.11121971
JWTXMR3T,Advancing a Cascaded Machine Learning Approach for the Accurate Estimation of Antenna Parameters,journalArticle,https://ieeexplore.ieee.org/document/10344057/,10.1109/ICSPIS60075.2023.10344057
B4UQ3QSG,A Comparative Study on the Incorporation of PVT Corner Conditions within Reinforcement Learning-based Analog IC Sizing Approaches,journalArticle,https://ieeexplore.ieee.org/document/11092187/,10.1109/SMACD65553.2025.11092187
Q4DQ97RE,Assessing the Capabilities of Large Language Models to Comprehend Analog Integrated Circuits via Netlist Analysis,journalArticle,https://ieeexplore.ieee.org/document/11064185/,10.1109/AICCONF64766.2025.11064185
VJ46FK8E,Parametric Circuit Fault Diagnosis Through Oscillation-Based Testing in Analogue Circuits: Statistical and Deep Learning Approaches,journalArticle,https://ieeexplore.ieee.org/document/9706148/,10.1109/ACCESS.2022.3149324
WZ4G6JK9,Application Driven Rapid Synthesis for Analog BIST Components,journalArticle,https://ieeexplore.ieee.org/document/9859392/,10.1109/MWSCAS54063.2022.9859392
47AQH8FN,Algorithmic Optimization of Transistors Applied to Silicon LDMOS,journalArticle,https://ieeexplore.ieee.org/document/10155324/,10.1109/ACCESS.2023.3287204
MNIEUGTJ,Design Automation of CMOS Op-Amps Using Statistical Geometric Programming,journalArticle,https://ieeexplore.ieee.org/document/9937871/,10.1109/ISCAS48785.2022.9937871
JFJXAIBE,Enhancing Noise Immunity in Mixed-Signal Circuits for Biomedical Applications,journalArticle,https://ieeexplore.ieee.org/document/11385676/,10.1109/IETACS68750.2025.11385676
CA9XKJ88,AI-Enhanced Wide Supply Voltage Bandgap Voltage Reference Circuit With Multi-Objective Optimization for Automotive Applications,journalArticle,https://ieeexplore.ieee.org/document/11286137/,10.1109/OJCAS.2025.3531412
FPPF6UCJ,Reinforcement Learning for Analog Sizing Optimization,journalArticle,https://ieeexplore.ieee.org/document/10192204/,10.1109/SMACD58065.2023.10192204
KWGMIEZ7,Reinforcement Learning-based Analog Circuit Optimizer using g<sub>m</sub> /I<sub>D</sub> for Sizing,journalArticle,https://ieeexplore.ieee.org/document/10247739/,10.1109/DAC56929.2023.10247739
3RG36BJX,MA-Opt: Reinforcement Learning-based Analog Circuit Optimization using Multi-Actors,journalArticle,https://ieeexplore.ieee.org/document/10136894/,10.23919/DATE56975.2023.10136894
BW8CW2X2,A Ka-Band Broadband Doherty Power Amplifier with an Optimized Output Combining Network,journalArticle,https://ieeexplore.ieee.org/document/11187605/,10.1109/ICMMT65948.2025.11187605
LM5CBAJL,Topology-optimized nonintuitive multilayered mm-wave power amplifiers,conferencePaper,https://ieeexplore.ieee.org/document/11082875/,10.1109/rfic61188.2025.11082875
HSMV3DDG,Accelerating Comprehensive Specification Optimization of Analog Circuits Using Transient Assertions and Graph Neural Networks,journalArticle,https://ieeexplore.ieee.org/document/11043434/,10.1109/ISCAS56072.2025.11043434
72I9XHJN,Decoupling Dynamic Memory and Instantaneous Non-Linearity: A Hybrid Recurrent Architecture for Power Amplifier Modeling,journalArticle,https://ieeexplore.ieee.org/document/11138058/,10.1109/DMCIS65888.2025.11138058
JMI67RJ9,Application of Deep Learning in Back-End Simulation: Challenges and Opportunities,journalArticle,https://ieeexplore.ieee.org/document/9712511/,10.1109/ASP-DAC52403.2022.9712511
626GBGX4,MACRO: Multi-agent Reinforcement Learning-based Cross-layer Optimization of Operational Amplifier,journalArticle,https://ieeexplore.ieee.org/document/10473977/,10.1109/ASP-DAC58780.2024.10473977
RHWNIICQ,Evaluating and Optimizing Conventional Training Circuits for Analog Fault Diagnosis via Transfer Learning,journalArticle,https://ieeexplore.ieee.org/document/11075722/,10.1109/TIM.2025.3586376
FBDJRQX4,High-Accuracy Propagation Delay Estimation in Analog Circuits Using Machine Learning Models,journalArticle,https://ieeexplore.ieee.org/document/11406057/,10.1109/MAEIE68099.2025.11406057
5VW6RQA7,A Generalized Surrogate Model of OAM Antennas for Varied Lens Sets and Loading Strategies,journalArticle,https://ieeexplore.ieee.org/document/11136257/,10.1109/IMWS-AMP66175.2025.11136257
S3FK7BA9,Intelligent Design of Superjunction Devices Based on Physics-Informed Neural Network,journalArticle,https://ieeexplore.ieee.org/document/11118128/,10.23919/ISPSD62843.2025.11118128
GVQVGFQF,Deep H-GCN: Fast Analog IC Aging-Induced Degradation Estimation,journalArticle,https://ieeexplore.ieee.org/document/9521579/,10.1109/TCAD.2021.3107250
CRB7D429,Machine Learning-Based Leakage Prediction in Analog Logic Gates under PVT Variations,journalArticle,https://ieeexplore.ieee.org/document/11034282/,10.1109/EEICE65049.2025.11034282
888FWHXF,A -28.5-dBm Sensitivity RF Energy Harvesting Interface with 3-D MPPT Achieving > 98% MPPT Accuracy and Good Temperature Consistency,journalArticle,https://ieeexplore.ieee.org/document/10719501/,10.1109/ESSERC62670.2024.10719501
WP4AST2V,Digital Signal Recovery With Transmitter Nonlinear State Tracking for Satellite Communications,journalArticle,https://ieeexplore.ieee.org/document/9792424/,10.1109/TCSII.2022.3181785
97JUVKD6,Kernel-Enhanced Deep Learning for Temperature-Dependent Electromagnetic Susceptibility Modeling of Analog Sensors,journalArticle,https://ieeexplore.ieee.org/document/11409433/,10.1109/TEMC.2026.3662209
SG4DJUX5,A Linear-Regression-Assisted Trimming Scheme for CMOS Voltage Reference,journalArticle,https://ieeexplore.ieee.org/document/11044284/,10.1109/ISCAS56072.2025.11044284
5DEGKMTE,Enhancing Analog IC Security Using Randomized Obfuscation Circuits,journalArticle,https://ieeexplore.ieee.org/document/10689372/,10.1109/TCAD.2024.3466810
DDETTPE3,Integrating Neural Network Models for Advanced Automation in Analog Amplifier Circuit Design,journalArticle,https://ieeexplore.ieee.org/document/10677072/,10.1109/CONECCT62155.2024.10677072
7FC27HT3,A Novel TriNet Architecture for Enhanced Analog IC Design Automation,journalArticle,https://ieeexplore.ieee.org/document/10672521/,10.1109/TVLSI.2024.3452032
6KTBGH4N,Digital Pre-Distortion Modeling and Optimization Method Based on Sparse Residual GRU Neural Network,journalArticle,https://ieeexplore.ieee.org/document/11337151/,10.1109/Ucom67224.2025.11337151
HXF9Q2PD,A Low-cost Method for Identifying Pre-distortion Coefficients of RF Power Amplifiers Based on AE-GILC,journalArticle,https://ieeexplore.ieee.org/document/10618745/,10.1109/PIERS62282.2024.10618745
3ANSBGUB,Cyber Wolf: A Hybrid Optimization Framework Leveraging Heterogeneous Graphs and Multimodal Surrogate Simulators for Fast Analog Sizing,journalArticle,https://ieeexplore.ieee.org/document/11307005/,10.1109/AEET66561.2025.11307005
STMJSEE6,A Residual Selectable Modeling Method Based on Deep Neural Network for Power Amplifiers With Multiple States,journalArticle,https://ieeexplore.ieee.org/document/10587151/,10.1109/LMWT.2024.3420398
KDG28UW6,Modeling And Linearization of Radio Frequency Power Amplifiers Using Machine Learning Approaches,journalArticle,https://ieeexplore.ieee.org/document/10423509/,10.1109/IEMENTech60402.2023.10423509
CP4G2MWE,An Intelligent healthcare system for clinical decision making using Fuzzy neural networks,journalArticle,https://ieeexplore.ieee.org/document/11059089/,10.1109/ICACCM61117.2024.11059089
CTRN4ICK,Development of AI-Based Simulation Circuit Design and Assistance Systems,journalArticle,https://ieeexplore.ieee.org/document/10828016/,10.1109/ICCASIT62299.2024.10828016
AMDFSTWB,Optimization of the Far-Field Pattern of an X-Band Electronically Controlled Reflectarray Antenna Assisted by Machine Learning,journalArticle,https://ieeexplore.ieee.org/document/10925225/,10.1109/EMTS57498.2023.10925225
BVN9G96T,Deep Learning-Based Performance Testing for Analog Integrated Circuits,journalArticle,https://ieeexplore.ieee.org/document/10759335/,10.1109/TVLSI.2024.3496777
HBJC7XFN,Accelerated Design and Characterization of Inductive Position Sensors through AI-Driven Design Support System,journalArticle,https://ieeexplore.ieee.org/document/11197010/,10.1109/TMAG.2025.3619032
CX6AMND6,Stochastic Optimization of the CPL-Function-Based Model for RF Power Transistors,journalArticle,https://ieeexplore.ieee.org/document/9741844/,10.1109/LMWC.2022.3149751
TFG2QBCT,An Overview of the Optimization of RF Power Amplifiers using a Bayesian Algorithm : (Invited),journalArticle,https://ieeexplore.ieee.org/document/10192208/,10.1109/SMACD58065.2023.10192208
JRJZZC5X,A High-Efficiency and Dual-Mode Huygens Rectenna Enabled Wireless Charging System for Supercapacitors Realized by Voltage-Dependent S-Parameter Analysis and Deep Learning,journalArticle,https://ieeexplore.ieee.org/document/11329070/,10.1109/JWPT.2025.3650741
UAJXB93D,Reinforcement Learning for Electronic Design Automation: Case Studies and Perspectives: (Invited Paper),journalArticle,https://ieeexplore.ieee.org/document/9712578/,10.1109/ASP-DAC52403.2022.9712578
TRP2C32X,Industry Paper: Surrogate Models for Testing Analog Designs under Limited Budget – a Bandgap Case Study,journalArticle,https://ieeexplore.ieee.org/document/9943132/,10.1109/CODES-ISSS55005.2022.00016
ZS2MHCGR,Machine Learning Based Static and Dynamic Error Calibration in Data Converters,journalArticle,https://ieeexplore.ieee.org/document/10538754/,10.1109/VTS60656.2024.10538754
AEHFFDHS,Machine-learning based Blind Digital Calibration of Time-Interleaved ADC,journalArticle,https://ieeexplore.ieee.org/document/11022918/,10.1109/VTS65138.2025.11022918
3AW4KTBD,Hybrid AI-Optimization Method for Latent Defect Detection Through Test Transistor Insertion in Analog Circuits,journalArticle,https://ieeexplore.ieee.org/document/11092178/,10.1109/SMACD65553.2025.11092178
QVUA2HXN,Enhancing Performance of SAR ADC through Supervised Machine Learning,journalArticle,https://ieeexplore.ieee.org/document/10558198/,10.1109/ISCAS58744.2024.10558198
CMSSUZTS,AI/ML: A powerful tool for future microwave engineering problems,journalArticle,https://ieeexplore.ieee.org/document/10463890/,10.1109/MAPCON58678.2023.10463890
42A3QHTG,Intelligent Modeling of Circular Microstrip Antenna for RF Energy Harvesting Applications,journalArticle,https://ieeexplore.ieee.org/document/10528072/,10.1109/WAMS59642.2024.10528072
I9FF6PDI,Genetic Algorithm for Microwave Computer-Aided Design: The State of the Art,journalArticle,https://ieeexplore.ieee.org/document/10293468/,10.1109/AFRICON55910.2023.10293468
KEA3UMEG,Circuits-Informed Machine Learning Technique for Blind Open-Loop Digital Calibration of SAR ADC,journalArticle,https://ieeexplore.ieee.org/document/11082833/,10.1109/RFIC61188.2025.11082833
KU65ERXA,Effective Analog ICs Floorplanning with Relational Graph Neural Networks and Reinforcement Learning,journalArticle,https://ieeexplore.ieee.org/document/10992888/,10.23919/DATE64628.2025.10992888
ZGPZZI8R,Fast ML-driven Analog Circuit Layout using Reinforcement Learning and Steiner Trees,journalArticle,https://ieeexplore.ieee.org/document/10745442/,10.1109/SMACD61181.2024.10745442
KN4WMNJM,Application of Deep Learning Towards Radio-Frequency Filter Design,journalArticle,https://ieeexplore.ieee.org/document/11398183/,10.1109/MoSICom67153.2025.11398183
7NJ9C236,Machine Learning Guided Alignment System for a W-Band Higher Order Mode Generator,journalArticle,https://ieeexplore.ieee.org/document/10462163/,10.1109/LMWT.2024.3371646
4A8FM8CT,Late Breaking Results: Encoder-Decoder Generative Diffusion Transformer Towards Push-Button Analog IC Sizing,journalArticle,https://ieeexplore.ieee.org/document/11133224/,10.1109/DAC63849.2025.11133224
Q4QDIF3P,Enhanced ML-Based Approach for Functional Safety Improvement in Automotive AMS Circuits,journalArticle,https://ieeexplore.ieee.org/document/10351064/,10.1109/ITC51656.2023.00043
X8BQ4E5P,Towards Safe and Efficient Analog Circuit Design: Active Learning for Feasibility Region Exploration,journalArticle,https://ieeexplore.ieee.org/document/10808909/,10.1109/APCCAS62602.2024.10808909
AW9IJR8B,Inverse Analog IC Sizing and Exploration through Diffusion Models and Structural Knowledge,journalArticle,https://ieeexplore.ieee.org/document/11092111/,10.1109/SMACD65553.2025.11092111
34ASEX5E,Joint Estimation of Multiple RF Impairments Using Deep Multi-Task Learning,journalArticle,https://ieeexplore.ieee.org/document/9771740/,10.1109/WCNC51071.2022.9771740
2A5E374I,Kernel-Based Machine Learning Surrogates for RF Circulator Design,journalArticle,https://ieeexplore.ieee.org/document/11379178/,10.1109/APMC65046.2025.11379178
7NBHXFSJ,Artificial Neural Networks for GaN HEMT Model Extraction in D-band Using Sparse Data,journalArticle,https://ieeexplore.ieee.org/document/10186179/,10.1109/RFIC54547.2023.10186179
PQ9I4DTI,Machine-Learning Assisted Digital Predistortion Using Feedback via Dual-Polarized Antenna Arrays,journalArticle,https://ieeexplore.ieee.org/document/10600373/,10.1109/IMS40175.2024.10600373
RU773QAZ,Verilog-A Based ANN Large Signal Modeling of Gan Hemts,journalArticle,https://ieeexplore.ieee.org/document/10479941/,10.1109/REEPE60449.2024.10479941
RAPM3MHG,Design of a Compact Dual-Frequency Impedance Matching Network Using Artificial Neural Network,journalArticle,https://ieeexplore.ieee.org/document/11387680/,10.1109/IMAS66694.2025.11387680
F43U6UG5,A Time-Domain Multi-Tone Distortion Model for Effective Design of High Power Amplifiers,journalArticle,https://ieeexplore.ieee.org/document/9718317/,10.1109/ACCESS.2022.3153355
R29IFZ6X,Design Close to the Edge for Advanced Technology using Machine Learning and Brain-Inspired Algorithms,journalArticle,https://ieeexplore.ieee.org/document/9712493/,10.1109/ASP-DAC52403.2022.9712493
6SNVGB8H,Towards Designing a Unified DNN Architecture for Analog and Mixed-Signal Circuit Characterization,journalArticle,https://ieeexplore.ieee.org/document/11043403/,10.1109/ISCAS56072.2025.11043403
5JCUUDP4,An ANN-Based Approach to the Modelling and Simulation of Analogue Circuits,journalArticle,https://ieeexplore.ieee.org/document/10192134/,10.1109/SMACD58065.2023.10192134
VF8F32VJ,ANN-based Analog IC Floorplan Recommender with a Broader Topological Constraints Coverage,journalArticle,https://ieeexplore.ieee.org/document/9816195/,10.1109/SMACD55068.2022.9816195
FGWCNHIW,AMBEATion: Analog Mixed-Signal Back-End Design Automation with Machine Learning and Artificial Intelligence Techniques,journalArticle,https://ieeexplore.ieee.org/document/10546515/,10.23919/DATE58400.2024.10546515
GC5HENBN,Leveraging Convolutional Autoencoders for Post-Layout Performance Estimation of Analog ICs,journalArticle,https://ieeexplore.ieee.org/document/11270804/,10.1109/ICECS66544.2025.11270804
MM5AI477,On the Exploration of Convolutional Variational Autoencoders for Analog Integrated Circuit Post-Placement Performance Regression,journalArticle,https://ieeexplore.ieee.org/document/11092107/,10.1109/SMACD65553.2025.11092107
UGRMX9C3,RL-Based Digital Predistortion for Wideband Power Amplifiers,journalArticle,https://ieeexplore.ieee.org/document/10978668/,10.1109/WCNC61545.2025.10978668
TN4DWMRN,Invertible Neural Networks for Design of Broadband Active Mixers,journalArticle,https://ieeexplore.ieee.org/document/9900081/,10.1109/MLCAD55463.2022.9900081
VT7HFZ25,Formally Verifying Analog Neural Networks with Device Mismatch Variations,journalArticle,https://ieeexplore.ieee.org/document/10992891/,10.23919/DATE64628.2025.10992891
U4BPTJ9U,AI-Assisted Design of a Compact Voltage Monitoring System with a Millisecond-Delayed Fault Detection Circuit,journalArticle,https://ieeexplore.ieee.org/document/11270785/,10.1109/ICECS66544.2025.11270785
BCVBU9HM,A Fast and Accurate Middle End of Line Parasitic Capacitance Extraction for MOSFET and FinFET Technologies Using Machine Learning,journalArticle,https://ieeexplore.ieee.org/document/9712514/,10.1109/ASP-DAC52403.2022.9712514
6QFA9D8F,A Comparative Analysis of Off-Policy DRL Strategies for Analog Circuit Optimization: A Case Study on Bandgap References,journalArticle,https://ieeexplore.ieee.org/document/11107109/,10.1109/NewCAS64648.2025.11107109
W4TNNPRG,MuaLLM: A Multimodal Large Language Model Agent for Circuit Design Assistance with Hybrid Contextual Retrieval-Augmented Generation,journalArticle,https://ieeexplore.ieee.org/document/11420505/,10.1109/ASP-DAC66049.2026.11420505
NWC99UMN,FEARL: AI-Assisted Energy-Aware Real-Time Receiver Adaptation to Dynamic Environments,journalArticle,https://ieeexplore.ieee.org/document/11161102/,10.1109/ICC52391.2025.11161102
LQBCUF22,A 56–66-GHz FMCW Radar Transceiver With Wide Chirp Bandwidth for Indoor Sensing Applications,journalArticle,https://ieeexplore.ieee.org/document/11264825/,10.1109/TMTT.2025.3633165
BQHKFPCT,A 292.2-to-321.4-GHz Synchronized Source Generator With −58.7-dBc Spurious Tone and 136.7-fs<sub>rms</sub> Integrated Jitter in 22-nm CMOS Technology,journalArticle,https://ieeexplore.ieee.org/document/11022965/,10.1109/TMTT.2025.3571451
3KDGTP7S,A digital-sampling PLL with a second-order noise shaping SAR ADC phase detector,journalArticle,https://ieeexplore.ieee.org/document/10936991/,10.1109/JSSC.2025.3549690
DY42X6M3,The mismatch performance of pseudo digital ring oscillators used in VCO ADCs: PSRR and CMRR,journalArticle,https://ieeexplore.ieee.org/document/9956781/,10.1109/TCSI.2022.3222380
3SWM7ZAZ,Stability characterizing function for electronic circuit design based on frequency-domain analysis with parametric damping,journalArticle,https://ieeexplore.ieee.org/document/10234129/,10.1109/TMTT.2023.3305157
VFW5K66M,Analysis and design of wideband active single-sideband time modulator in 0.13- <i>μ</i> m CMOS,journalArticle,https://ieeexplore.ieee.org/document/10681654/,10.1109/TCSI.2024.3456237
YYN6G5DR,A D-Band Differential Amplifier With Cross-Couple of Series-Connected Capacitor and Transmission Line-Based Dual-Frequency <i>G</i><sub>max</sub> -Core,journalArticle,https://ieeexplore.ieee.org/document/10415006/,10.1109/TCSII.2024.3358808
V6JWHTWC,Artificial neural networks for microwave computer-aided design: The state of the art,journalArticle,https://ieeexplore.ieee.org/document/9863691/,10.1109/TMTT.2022.3197751
TC8J5FS4,On the upconversion of the cross-coupled pair 1/ <i>f</i> noise into phase noise in current-biased class-B CMOS oscillators,journalArticle,https://ieeexplore.ieee.org/document/11150441/,10.1109/TCSI.2025.3602924
I6M2TVW4,Design of wideband doherty power amplifier using inverse continuous class-F mode,journalArticle,https://ieeexplore.ieee.org/document/10477556/,10.1109/TCSII.2024.3379992
IUVCA36G,A scalable and instantaneously wideband RF correlator based on margin computing,journalArticle,https://ieeexplore.ieee.org/document/10704783/,10.1109/JSSC.2024.3465244
AS7EAERI,Interference-tolerant wireless distributed beamforming receiver array with low-latency frequency synchronization,journalArticle,https://ieeexplore.ieee.org/document/10807511/,10.1109/TMTT.2024.3517456
EH3JFB5Q,Design and analysis of 28 GHz CMOS LNA and VGA using gain-linearity-boosting and body floating techniques,journalArticle,https://ieeexplore.ieee.org/document/10566047/,10.1109/TMTT.2024.3410997
SCTTXGBR,Co-optimization technology for nonlinear behavior consistency and efficiency/linearity of power amplifiers,journalArticle,https://ieeexplore.ieee.org/document/11260976/,10.1109/TMTT.2025.3632237
NGXTQA57,Spurious Modes in Model Order Reduction in Variational Problems in Electromagnetics,journalArticle,https://ieeexplore.ieee.org/document/9900488/,10.1109/TMTT.2022.3205597
SPCLVNKU,Flexible Inverse Design of Common-Mode Suppression Filters With Transformer Network,journalArticle,https://ieeexplore.ieee.org/document/11130428/,10.1109/TCAD.2025.3600495
4SCV69HW,Electromagnetic Parametric Modeling Using Combined Neural Networks and RLGC-Based Eigenfunctions for Two-Port Microstrip Structures,journalArticle,https://ieeexplore.ieee.org/document/9912338/,10.1109/TMTT.2022.3208913
WDTREBIC,Cryogenic CMOS microwave signal selector using dual-stage injection-locked oscillator for frequency-multiplexed qubit control system,journalArticle,https://ieeexplore.ieee.org/document/11372165/,10.1109/JSSC.2026.3658602
WIB3HBJ7,Co-Design of an Auxiliary Self-Bias Module and a CMOS Rectifier for RF Energy Harvesting,journalArticle,https://ieeexplore.ieee.org/document/10261221/,10.1109/TCSII.2023.3318410
N9GX5882,On the stability of oscillatory modes in an oscillator based on a distributed amplifier,journalArticle,https://ieeexplore.ieee.org/document/9984122/,10.1109/TMTT.2022.3226454
ZPECQZAF,Class-F<sup>−1</sup> asymmetric doherty power amplifier integrated slot antenna array with high efficiency and large back-off range,journalArticle,https://ieeexplore.ieee.org/document/11124341/,10.1109/TMTT.2025.3596769
SSVZELWH,A multioutput and highly efficient GaN distributed power amplifier for compact subarrays in wideband phased array antennas,journalArticle,https://ieeexplore.ieee.org/document/10122245/,10.1109/TMTT.2023.3269567
3AZMMGIU,A Neural Network-Based Hybrid Physical Model for GaN HEMTs,journalArticle,https://ieeexplore.ieee.org/document/9903349/,10.1109/TMTT.2022.3206442
C8TA2YYG,Wideband LNA employing intrinsic feedback and back-gate resistance for noise and input power matching,journalArticle,https://ieeexplore.ieee.org/document/10309293/,10.1109/TMTT.2023.3326278
2QUS3WLJ,Miniaturized wirelessly powered and controlled implants for multisite stimulation,journalArticle,https://ieeexplore.ieee.org/document/10008956/,10.1109/TMTT.2022.3233368
QLI4MVIS,On the Fulfilment of the Gain and Matching Specifications in the Design of a Single-Stage High-Frequency Amplifier,journalArticle,https://ieeexplore.ieee.org/document/10726637/,10.1109/TCSI.2024.3478806
YLU525QX,Synthetic diversity for artifact suppression and simultaneous multi-band down-conversion in widely-tunable receivers,journalArticle,https://ieeexplore.ieee.org/document/10909986/,10.1109/TCSI.2025.3546170
8YFGTYCQ,Coupling-parameter-based unequal power divider for on-chip systems,journalArticle,https://ieeexplore.ieee.org/document/11103740/,10.1109/TMTT.2025.3591779
IXR9U8FE,Ultrawideband frequency synthesis using the compact tunable transmission line (CTTL),journalArticle,https://ieeexplore.ieee.org/document/9771093/,10.1109/TMTT.2022.3169511
GPDW7NP4,Causal model implementation for the conductor surface roughness effect on the attenuation and delay of microstrip lines,journalArticle,https://ieeexplore.ieee.org/document/10163728/,10.1109/TMTT.2023.3285425
ILRVZY37,Performance bounds of ADC-based receivers due to clock jitter,journalArticle,https://ieeexplore.ieee.org/document/10073649/,10.1109/TCSII.2023.3257844
QZQQHQ5F,A 26-Gb/s 140-GHz OOK CMOS Transmitter and Receiver Chipset for High-Speed Wireless and Dielectric Waveguide Communication,journalArticle,https://ieeexplore.ieee.org/document/10742620/,10.1109/JSSC.2024.3483818
EFDBI9EY,A flexible automated design method for broadband matching networks in power amplifiers,journalArticle,https://ieeexplore.ieee.org/document/10879316/,10.1109/TMTT.2025.3535935
YV93TE62,A low-power V-band radar transceiver front-end chip using 1.5 V supply in 130-nm SiGe BiCMOS,journalArticle,https://ieeexplore.ieee.org/document/10121171/,10.1109/TMTT.2023.3269519
V3F72INI,A 59.2–83.3 GHz CMOS LNA with 18.1 dB gain and 5.1 dB NF using gate-drain transformer,journalArticle,https://ieeexplore.ieee.org/document/10929737/,10.1109/TCSII.2025.3551910
ZR3W6JJW,A Uniform Neural Network Digital Predistortion Model of RF Power Amplifiers for Scalable Applications,journalArticle,https://ieeexplore.ieee.org/document/9900117/,10.1109/TMTT.2022.3205930
KTPNHPI3,Analysis and modeling of super-regenerative oscillators with FSCW signals,journalArticle,https://ieeexplore.ieee.org/document/10713863/,10.1109/TMTT.2024.3470247
ENKKPWFV,A 142–164-GHz phased-array AiP module with high-power-density and high-efficiency transceiver in 65-nm CMOS for 6G UE,journalArticle,https://ieeexplore.ieee.org/document/11418901/,10.1109/JSSC.2026.3665184
ZDQP88BB,Digital Predistortion of RF Power Amplifiers With Phase-Gated Recurrent Neural Networks,journalArticle,https://ieeexplore.ieee.org/document/9750009/,10.1109/TMTT.2022.3161024
8TBGPGSL,Collaborative optimization method for wideband transistor-based rectifiers with a large input power dynamic range,journalArticle,https://ieeexplore.ieee.org/document/11224652/,10.1109/TCSI.2025.3626535
VNI9K7BT,A 6-GHz bandwidth input buffer based on AC-coupled flipped source follower for 12-bit 8-GS/s ADC in 28-nm CMOS,journalArticle,https://ieeexplore.ieee.org/document/9815329/,10.1109/TCSII.2022.3188534
8QRQD2UX,Analysis and design of coupled PLL-based CMOS quadrature VCOs,journalArticle,https://ieeexplore.ieee.org/document/10145092/,10.1109/JSSC.2023.3280360
WWEI2U56,An energy-efficient V-band OOK transmitter with 14.5-gb/s data rate and 11.1% DC-to-RF efficiency,journalArticle,https://ieeexplore.ieee.org/document/11195972/,10.1109/TMTT.2025.3615636
IW8D227Q,RF-input divisional load-modulated balanced amplifier with extended back-off range,journalArticle,https://ieeexplore.ieee.org/document/10964436/,10.1109/TMTT.2025.3556769
9T4ZDFKT,An Adaptive Analog Temperature Compensated W-Band Front-End With ±0.0033 dB/°C Gain Variation Across −30 °C to 120 °C,journalArticle,https://ieeexplore.ieee.org/document/10246321/,10.1109/TCSII.2023.3313815
5H4LLR2A,Nonlinearity-induced spurs in fractional- <i>N</i> frequency synthesizers,journalArticle,https://ieeexplore.ieee.org/document/9761208/,10.1109/TCSII.2022.3169224
H3TFUT4D,Compact multipole GaN-on-si SPDT switch using inductive parasitic effects of hybrid HEMT devices,journalArticle,https://ieeexplore.ieee.org/document/10113229/,10.1109/TMTT.2023.3267543
NB7GYJ3S,Design of a low-cost low-profile energy efficient 64-QAM load modulator,journalArticle,https://ieeexplore.ieee.org/document/9723473/,10.1109/TMTT.2022.3148359
7P68PK3F,A fully packaged 135-GHz multiuser MIMO transmitter array tile for wireless communications,journalArticle,https://ieeexplore.ieee.org/document/9751221/,10.1109/TMTT.2022.3161972
ASAHVMD4,Artificial Neural Network Nonlinear Transistor Behavioral Models: Structure and Parameter Determination Process Based on the Cardiff Model,journalArticle,https://ieeexplore.ieee.org/document/10623296/,10.1109/TMTT.2024.3434959
FF6ER95T,Characterizing interconnects to 325 GHz,journalArticle,https://ieeexplore.ieee.org/document/10759294/,10.1109/TMTT.2024.3496657
43ABPBZU,Low-power decibel-linear programmable-gain amplifier with complementary current-switching technique,journalArticle,https://ieeexplore.ieee.org/document/10040240/,10.1109/TCSI.2023.3241432
IMKBT84S,Dynamic Thermal Coupling in GaN MMIC Power Amplifiers,journalArticle,https://ieeexplore.ieee.org/document/10693626/,10.1109/TMTT.2024.3458189
X5RG77LM,DC-coupled biasing technique for quantized-analog amplifiers,journalArticle,https://ieeexplore.ieee.org/document/10508224/,10.1109/TCSII.2024.3392900
J85C687I,"Analytical side channel EM models, extending simulation abilities for ICs, and linking physical models to cryptographic metrics",journalArticle,https://ieeexplore.ieee.org/document/10168134/,10.1109/TCAD.2023.3289310
ZIGI4CQ9,Machine learning-based uncertainty quantification and design optimization for offset compensation sense amplifiers in DRAMs,journalArticle,https://ieeexplore.ieee.org/document/11142277/,10.1109/TCAD.2025.3603112
P8X8U2ME,Wideband High-Gain Amplifiers in 45-nm CMOS SOI Operating at 0.56 <i>f</i><sub>max</sub> : An Analytical Approach on Reversed Feedback Amplifiers,journalArticle,https://ieeexplore.ieee.org/document/10964135/,10.1109/JSSC.2025.3554814
EGTXK4J3,AnGeL: Fully-Automated Analog Circuit Generator Using a Neural Network Assisted Semi-Supervised Learning Approach,journalArticle,https://ieeexplore.ieee.org/document/10190116/,10.1109/TCSI.2023.3295737
QN2KFPZK,Design and characterization of a variable gain <i>D</i> -band LNA for optimized link budgeting for a 6G receiver in 22FDX,journalArticle,https://ieeexplore.ieee.org/document/10216920/,10.1109/TMTT.2023.3298197
TRRPSYXZ,Bandpass filtering power amplifier with wide stopband and high out-of-band rejection,journalArticle,https://ieeexplore.ieee.org/document/9941498/,10.1109/TCSII.2022.3220619
28XK63QE,Analysis and design of the tank feedline in millimeter-wave VCOs,journalArticle,https://ieeexplore.ieee.org/document/9725241/,10.1109/TMTT.2022.3151668
8Y2QEDHA,MMIC-to-dielectric waveguide transitions for glass packages above 150 GHz,journalArticle,https://ieeexplore.ieee.org/document/10025405/,10.1109/TMTT.2023.3236787
ICAMUIKF,Design of Terahertz Low-Reflection Amplitude Modulator Using Quasi-π Reconfigurable Absorption Network,journalArticle,https://ieeexplore.ieee.org/document/11018172/,10.1109/TMTT.2025.3569705
3DGLSSLU,A highly-efficient doherty power amplifier with generalized parallel-circuit class-EF mode,journalArticle,https://ieeexplore.ieee.org/document/10068738/,10.1109/TCSII.2023.3257168
7QICX6YX,An integrated primary impulse radio ultra-wideband radar for short-range real-time localization,journalArticle,https://ieeexplore.ieee.org/document/9761963/,10.1109/TCSI.2022.3167924
GJBIMF7T,Sequential LMBA design technique for improved bandwidth considering the balanced amplifiers off-state impedance,journalArticle,https://ieeexplore.ieee.org/document/10048716/,10.1109/TMTT.2023.3241690
WZ72IUFX,Advanced bayesian-inspired multilayer effective parameter determination method for automated ANN model generation of microwave components,journalArticle,https://ieeexplore.ieee.org/document/10373763/,10.1109/TMTT.2023.3341584
3R4KAXGE,Wideband and efficient 256-GHz subharmonic- based FMCW radar transceiver in 130-nm SiGe BiCMOS technology,journalArticle,https://ieeexplore.ieee.org/document/9906590/,10.1109/TMTT.2022.3207995
SHKZD98R,Analysis and design of reconfigurable multiband mismatch-resilient quasi-balanced doherty power amplifier for massive MIMO systems,journalArticle,https://ieeexplore.ieee.org/document/9866097/,10.1109/TMTT.2022.3198437
HKIPB92U,Artificial Neural Network-Based Modeling for Estimating the Effects of Various Random Fluctuations on DC/Analog/RF Characteristics of GAA Si Nanosheet FETs,journalArticle,https://ieeexplore.ieee.org/document/9868246/,10.1109/TMTT.2022.3198659
9KIKS59L,Adaptive Stepping PTA for DC Analysis Based on Reinforcement Learning,journalArticle,https://ieeexplore.ieee.org/document/9893885/,10.1109/TCSII.2022.3207356
IQAP63FU,Design of wideband asymmetric doherty power amplifier using a new phase compensation technique,journalArticle,https://ieeexplore.ieee.org/document/10339859/,10.1109/TCSI.2023.3336558
J6Q2U2AD,Behavioral modeling method of macromodels for interconnected systems with frequency characteristics and nonlinear termination networks,journalArticle,https://ieeexplore.ieee.org/document/10103200/,10.1109/TCSII.2023.3267473
AH89RAYQ,An MOR Algorithm Based on the Immittance Zero and Pole Eigenvectors for Fast FEM Simulations of Two-Port Microwave Structures,journalArticle,https://ieeexplore.ieee.org/document/9763084/,10.1109/TMTT.2022.3166657
KE7M678Q,A 49.8-mm² IR-UWB transmitter with co-designed power amplifier and antenna for neural implants with extended transmission range,journalArticle,https://ieeexplore.ieee.org/document/10856900/,10.1109/JSSC.2025.3531234
HP7RJTTP,Augmented phase-normalized recurrent neural network for RF power amplifier linearization,journalArticle,https://ieeexplore.ieee.org/document/10745136/,10.1109/TMTT.2024.3484581
F399HSI4,Concise and compatible MOR-based self-adjoint EM sensitivity analysis for fast frequency sweep,journalArticle,https://ieeexplore.ieee.org/document/10057100/,10.1109/TMTT.2023.3248167
CLGBWHWQ,Analysis and Design of Fourth Harmonic Boosting Technique for THz Signal Generation,journalArticle,https://ieeexplore.ieee.org/document/9732204/,10.1109/TCSI.2022.3155477
JC26SU4M,CMOS power amplifier with novel transformer power combiner,journalArticle,https://ieeexplore.ieee.org/document/10024830/,10.1109/TCSII.2023.3238509
TRU5V7D4,An Energy Recycling Envelope Tracking Supply Modulator Assisted by Small Cap Replica With 89.7% Efficiency and 37% Reduced Linear Amplifier Current for 150 MHz Bandwidth 5G New Radio RF Applications,journalArticle,https://ieeexplore.ieee.org/document/9777865/,10.1109/JSSC.2022.3172862
WGVLQ2QZ,Bandlimited DPD adapted APD for 5G communication,journalArticle,https://ieeexplore.ieee.org/document/9781615/,10.1109/TCSII.2022.3177750
TU8RDJ4B,Automatic Op-Amp Generation From Specification to Layout,journalArticle,https://ieeexplore.ieee.org/document/10185586/,10.1109/TCAD.2023.3296374
H36DRSHM,A D-band variable gain low noise amplifier in a 28-nm CMOS process for 6G wireless communications,journalArticle,https://ieeexplore.ieee.org/document/10184126/,10.1109/TCSII.2023.3295430
3SMB4RRG,Digital Predistortion of RF Power Amplifiers With Decomposed Vector Rotation-Based Recurrent Neural Networks,journalArticle,https://ieeexplore.ieee.org/document/9913714/,10.1109/TMTT.2022.3209658
WTZPCC5Z,A temperature-compensated ku-band four-beam phased-array receiver with low attenuation and relative phase variations,journalArticle,https://ieeexplore.ieee.org/document/10730791/,10.1109/TCSII.2024.3485476
AQVZQCQZ,An I/Q imbalance calibration scheme for 5G direct-conversion transmitter,journalArticle,https://ieeexplore.ieee.org/document/11073570/,10.1109/TCSII.2025.3586873
DSNI3JYA,Reliable computationally efficient behavioral modeling of microwave passives using deep learning surrogates in confined domains,journalArticle,https://ieeexplore.ieee.org/document/9960820/,10.1109/TMTT.2022.3218024
GEIVP8UF,Analysis of offset spurs in phase-locked-loops employing harmonic-mixer-based feedback with sample-and-hold operation,journalArticle,https://ieeexplore.ieee.org/document/9899485/,10.1109/TCSI.2022.3206837
86BUAGZ8,LO generation for a 5G phased array transceiver: A high HRR 21–27-GHz frequency quadrupler,journalArticle,https://ieeexplore.ieee.org/document/10870479/,10.1109/TMTT.2025.3529344
LKLR4AKQ,Large-signal stability analysis of power amplifiers under mismatch conditions based on structured singular values computation,journalArticle,https://ieeexplore.ieee.org/document/11261217/,10.1109/TMTT.2025.3630240
DDG4YQQ2,Design and application of novel single- and dual-band reconfigurable microwave components with filter and coupler functions,journalArticle,https://ieeexplore.ieee.org/document/9763070/,10.1109/TMTT.2022.3162842
NFKCTXYF,Reconfigurable 2.4/5.0-GHz Dual-Band CMOS Power Amplifier for WLAN 802.11ax,journalArticle,https://ieeexplore.ieee.org/document/10504917/,10.1109/TCSI.2024.3385483
WU8BSMBQ,Physical Layer Security Through Directional Modulation With Spatio-Temporal Millimeter-Wave Transmitter Arrays,journalArticle,https://ieeexplore.ieee.org/document/10517973/,10.1109/JSSC.2024.3384373
3GGHATXE,A Scalable Knowledge-Based Neural Network Model for GaN HEMTs With Accurate Trapping and Self-Heating Effects Characterization,journalArticle,https://ieeexplore.ieee.org/document/10058706/,10.1109/TMTT.2023.3248225
29CBCE8R,Artificial neural network based calibration for a 12 b 250 MS/s pipelined-SAR ADC with ring amplifier in 40-nm CMOS,journalArticle,https://ieeexplore.ieee.org/document/10620219/,10.1109/TCSI.2024.3429309
4G2YXJHA,Noise analysis of a 434-MHz wakeup receiver analog frontend core with −93-dBm input sensitivity and 65-pJ/bit efficiency based on a switched injection-triggered oscillator with surface acoustic wave resonator,journalArticle,https://ieeexplore.ieee.org/document/10745803/,10.1109/TMTT.2024.3482456
AS4X4R9N,Compressed machine learning-based inverse model for design optimization of microwave components,journalArticle,https://ieeexplore.ieee.org/document/9761999/,10.1109/TMTT.2022.3166151
JR73DUAE,A Novel NN-Based Fast-Convergence Background Calibration for Timing Mismatch in TI ADCs,journalArticle,https://ieeexplore.ieee.org/document/10713450/,10.1109/TCSII.2024.3477463
4PGCMHQI,Design of Two-Way Transformer Combining <i>E</i> -Band Power Amplifiers Using 16-nm FinFET Technology With Optimal Matching Networks,journalArticle,https://ieeexplore.ieee.org/document/10850652/,10.1109/TMTT.2025.3529201
REUW39KF,Arbitrary shaped high-voltage RF switch,journalArticle,https://ieeexplore.ieee.org/document/10354456/,10.1109/TCSII.2023.3342072
AHXY8BYZ,An Edge-Combining Frequency-Multiplying Class-D Power Amplifier,journalArticle,https://ieeexplore.ieee.org/document/9765583/,10.1109/TCSII.2022.3171495
S4T94UQH,Cost-effective enhancement of RF switch performance utilizing novel coupling structures,journalArticle,https://ieeexplore.ieee.org/document/11164342/,10.1109/TMTT.2025.3607951
JT93MFWU,A wideband IQ-mapping direct-digital RF modulator for 5G transmitters,journalArticle,https://ieeexplore.ieee.org/document/9705146/,10.1109/JSSC.2022.3144362
K79WQP3K,A Deep Reinforcement Learning Framework for High-Dimensional Circuit Linearization,journalArticle,https://ieeexplore.ieee.org/document/9796640/,10.1109/TCSII.2022.3183156
BC5A9TE8,A 25 MHz-BW 81 dB-DR TDC-based CTDSM with background analog-integration-based ISI error calibration achieving >8 dB even-order harmonic suppression,journalArticle,https://ieeexplore.ieee.org/document/11024031/,10.1109/TCSI.2025.3572048
XM9LJPWR,CMOS saturation spectrometer with a miniaturized fabry–pérot cavity for the lamb-dip interrogation of OCS molecules to enhance the <i>Q</i> of CSMC,journalArticle,https://ieeexplore.ieee.org/document/11044868/,10.1109/TMTT.2025.3577939
SBH8GYLU,A Wideband Compact Digitally-Assisted Variable Gain Phase Shifter for Ka-Band Applications,journalArticle,https://ieeexplore.ieee.org/document/10807233/,10.1109/TCSII.2024.3520144
EQ6QSPW5,Synthesis of ladder- and DMS-type acoustic wave filters and duplexers in bandpass domain,journalArticle,https://ieeexplore.ieee.org/document/10416884/,10.1109/TMTT.2024.3354937
WFZ7E4MW,Input amplitude-based adaptive tuning neural networks for digital predistortion of doherty power amplifiers,journalArticle,https://ieeexplore.ieee.org/document/10693638/,10.1109/TMTT.2024.3461952
XYFNMM99,Design of a 0.4–3.9-GHz wideband high-efficiency power amplifier based on a novel bandwidth extended matching network,journalArticle,https://ieeexplore.ieee.org/document/10061612/,10.1109/TCSII.2023.3253551
EGH73HEQ,Asynchronous Parallel Expected Improvement Matrix-Based Constrained Multi-Objective Optimization for Analog Circuit Sizing,journalArticle,https://ieeexplore.ieee.org/document/9768116/,10.1109/TCSII.2022.3172408
GZFZCQ82,Bridging the Gap Between Artificial Neural Networks and Kernel Regressions for Vector-Valued Problems in Microwave Applications,journalArticle,https://ieeexplore.ieee.org/document/10005863/,10.1109/TMTT.2022.3232895
V4P8UHFM,A PLL technique: Charge-steering sampling,journalArticle,https://ieeexplore.ieee.org/document/11017517/,10.1109/JSSC.2025.3566271
9IZGS38Q,Wideband high selectivity filter chips with adjustable bandwidth based on IPD technology,journalArticle,https://ieeexplore.ieee.org/document/9805800/,10.1109/TCSII.2022.3186182
RR3JWGBX,Channel filter extraction for coupled-resonator diplexers,journalArticle,https://ieeexplore.ieee.org/document/10616163/,10.1109/TMTT.2024.3433021
M6DU5X32,A harmonic-mixing PLL architecture for millimeter-wave application,journalArticle,https://ieeexplore.ieee.org/document/9916251/,10.1109/JSSC.2022.3209614
9AXTUC34,Analysis and design of reactive passive mixers for high-order modulation IoT cartesian transmitters,journalArticle,https://ieeexplore.ieee.org/document/10363629/,10.1109/TMTT.2023.3341393
B9WKL536,Design considerations of high- frequency-reference fractional- N PLL: Architecture and nonidealities,journalArticle,https://ieeexplore.ieee.org/document/10934764/,10.1109/JSSC.2025.3548028
VXLCRIAP,A Cycle-Slip Compensated FMCW Digital PLL With Background Back-Tracking DPD,journalArticle,https://ieeexplore.ieee.org/document/11103574/,10.1109/JSSC.2025.3590136
6RKMBMDI,Inverse design of tunable lowpass microstrip filters based on generative adversarial network and transfer learning,journalArticle,https://ieeexplore.ieee.org/document/10382154/,10.1109/TCSII.2024.3350137
RN7RSEGP,Self-coupling and mutual pulling in phase-locked loops,journalArticle,https://ieeexplore.ieee.org/document/9733195/,10.1109/TCSI.2022.3155517
SAA7NRKX,Fast recovery performance and design method for high-power microwave limiter using GaN-SBD technology,journalArticle,https://ieeexplore.ieee.org/document/10423991/,10.1109/TMTT.2024.3360246
GE3W9QEE,Design of dual-band doherty power amplifier using a new phase compensation technique,journalArticle,https://ieeexplore.ieee.org/document/10312757/,10.1109/TCSII.2023.3331250
8G8GJUHN,Design of a fully integrated wideband continuous-mode asymmetrical doherty power amplifier in GaN-on-SiC HEMT technology,journalArticle,https://ieeexplore.ieee.org/document/10612840/,10.1109/TCSII.2024.3434572
A3XK4E8S,Coupling Matrix Reconfiguration Based on Matrix Completion,journalArticle,https://ieeexplore.ieee.org/document/10528879/,10.1109/TMTT.2024.3396154
B83Z5KCW,An 18~30 GHz Vector-Sum Phase Shifter With Two-Stage Transformer-Based Hybrid in 130-nm SiGe BiCMOS,journalArticle,https://ieeexplore.ieee.org/document/10231375/,10.1109/TCSI.2023.3305613
WNR5LSYK,Circuit model extraction of coupled-resonator diplexers and multiplexers with unconventional topologies,journalArticle,https://ieeexplore.ieee.org/document/11198836/,10.1109/TMTT.2025.3616213
CUXG856H,Tutorial and Perspectives on MAGICAL: A Silicon-Proven Open-Source Analog IC Layout System,journalArticle,https://ieeexplore.ieee.org/document/9769692/,10.1109/TCSII.2022.3172869
PDYDI5KW,A high-quality data acquisition method for machine-learning-based design and analysis of electromagnetic structures,journalArticle,https://ieeexplore.ieee.org/document/10090238/,10.1109/TMTT.2023.3259477
9IIFY2NX,Neural-network-based automated synthesis of transformer matching circuits for RF amplifier design,journalArticle,https://ieeexplore.ieee.org/document/9872118/,10.1109/tmtt.2022.3199756
I8VD9A8C,PDF,attachment,https://ieeexplore.ieee.org/stampPDF/getPDF.jsp?tp=&arnumber=9872118&ref=,
AZET238X,Bayesian optimization approach for RF circuit synthesis via multitask neural network enhanced gaussian process,journalArticle,https://ieeexplore.ieee.org/document/9852008/,10.1109/TMTT.2022.3194980
8C83SPG5,PDF,attachment,https://ieeexplore.ieee.org/stampPDF/getPDF.jsp?tp=&arnumber=9852008&ref=,
WHHZFBC5,Adaptive synthesis using hybrid genetic algorithm and particle swarm optimization for reflectionless filter with lumped elements,journalArticle,https://ieeexplore.ieee.org/document/10132002/,10.1109/TMTT.2023.3276212
49URRZWF,0.52-mW 30-GHz LNA in 22-nm FDSOI CMOS,journalArticle,https://ieeexplore.ieee.org/document/10160096/,10.1109/TCSII.2023.3288354
8CBVH5VN,PDF,attachment,https://ieeexplore.ieee.org/stampPDF/getPDF.jsp?tp=&arnumber=10546477&ref=,
GPSKHSD4,2026_Jiang et al_Performance-oriented broadband inverse d.pdf,attachment,https://ieeexplore.ieee.org/stampPDF/getPDF.jsp?tp=&arnumber=11274407&ref=,
KNEBFHKK,2022_Huang et al_Bayesian optimization approach for RF ci,attachment,https://ieeexplore.ieee.org/stampPDF/getPDF.jsp?tp=&arnumber=9852008&ref=,
B6NT8MDL,2023_Li et al_Adaptive synthesis using hybrid genetic,attachment,https://ieeexplore.ieee.org/stampPDF/getPDF.jsp?tp=&arnumber=10132002&ref=,
8CEAIL2R,PDF,attachment,https://ieeexplore.ieee.org/stampPDF/getPDF.jsp?tp=&arnumber=10132002&ref=,
