期刊/会议+年份,论文数量
TMTT2025,19
2025 62nd ACM/IEEE Design Automation Conference (DAC)2025,18
2025 IEEE/ACM International Conference On Computer Aided Design (ICCAD)2025,18
IEEE Transactions on Computer-Aided Design of Integrated Circuits and Systems2026,14
2024 29th Asia and South Pacific Design Automation Conference (ASP-DAC)2024,12
2025 IEEE International Symposium on Circuits and Systems (ISCAS)2025,12
IEEE Transactions on Computer-Aided Design of Integrated Circuits and Systems2025,12
2024 IEEE International Symposium on Circuits and Systems (ISCAS)2024,11
"2025 21st International Conference on Synthesis, Modeling, Analysis and Simulation Methods, and Applications to Circuits Design (SMACD)2025",11
IEEE Access2025,11
IEEE Microwave and Wireless Technology Letters2025,11
TMTT2022,11
TMTT2026,11
2026 31st Asia and South Pacific Design Automation Conference (ASP-DAC)2026,10
IEEE Access2020,10
IEEE Transactions on Computer-Aided Design of Integrated Circuits and Systems2022,10
IEEE Transactions on Computer-Aided Design of Integrated Circuits and Systems2023,10
Proceedings of the 43rd IEEE/ACM International Conference on Computer-Aided Design2024,10
未知期刊/会议2025,10
"2019 16th International Conference on Synthesis, Modeling, Analysis and Simulation Methods and Applications to Circuit Design (SMACD)2019",9
2021 58th ACM/IEEE Design Automation Conference (DAC)2021,9
2022 27th Asia and South Pacific Design Automation Conference (ASP-DAC)2022,9
2022 ACM/IEEE 4th Workshop on Machine Learning for CAD (MLCAD)2022,9
"2024 20th International Conference on Synthesis, Modeling, Analysis and Simulation Methods and Applications to Circuit Design (SMACD)2024",9
2020 57th ACM/IEEE Design Automation Conference (DAC)2020,8
2023 IEEE/ACM International Conference on Computer Aided Design (ICCAD)2023,8
"2024 Design, Automation &amp; Test in Europe Conference &amp; Exhibition (DATE)2024",8
2025 IEEE/MTT-S International Microwave Symposium - IMS 20252025,8
IEEE Access2023,8
IEEE Microwave and Wireless Technology Letters2024,8
Proceedings of the 61st ACM/IEEE Design Automation Conference2024,8
未知期刊/会议2026,8
"2022 18th International Conference on Synthesis, Modeling, Analysis and Simulation Methods and Applications to Circuit Design (SMACD)2022",7
2022 IEEE International Symposium on Circuits and Systems (ISCAS)2022,7
2024 IEEE/MTT-S International Microwave Symposium - IMS 20242024,7
2025 ACM/IEEE 7th Symposium on Machine Learning for CAD (MLCAD)2025,7
"2025 Design, Automation &amp; Test in Europe Conference (DATE)2025",7
2025 IEEE MTT-S International Microwave Workshop Series On Advanced Materials and Processes for RF and THz Applications (IMWS-AMP)2025,7
IEEE Access2019,7
IEEE Access2026,7
IEEE Microwave and Wireless Components Letters2022,7
IEEE Microwave and Wireless Technology Letters2023,7
IEEE Transactions on Computer-Aided Design of Integrated Circuits and Systems2024,7
未知期刊/会议未知年份,7
2019 IEEE/ACM International Conference on Computer-Aided Design (ICCAD)2019,6
"2020 Design, Automation & Test in Europe Conference & Exhibition (DATE)2020",6
"2023 19th International Conference on Synthesis, Modeling, Analysis and Simulation Methods and Applications to Circuit Design (SMACD)2023",6
2023 60th ACM/IEEE Design Automation Conference (DAC)2023,6
2023 ACM/IEEE 5th Workshop on Machine Learning for CAD (MLCAD)2023,6
2024 2nd International Symposium of Electronics Design Automation (ISEDA)2024,6
"2025 32nd IEEE International Conference on Electronics, Circuits and Systems (ICECS)2025",6
2025 IEEE MTT-S International Conference on Numerical Electromagnetic and Multiphysics Modeling and Optimization (NEMO)2025,6
2025 International Symposium of Electronics Design Automation (ISEDA)2025,6
IEEE Access2024,6
IEEE Microwave and Wireless Components Letters2021,6
IEEE Microwave and Wireless Technology Letters2026,6
TMTT2024,6
2021 ACM/IEEE 3rd Workshop on Machine Learning for CAD (MLCAD)2021,5
2021 IEEE International Symposium on Circuits and Systems (ISCAS)2021,5
2023 IEEE International Symposium on Circuits and Systems (ISCAS)2023,5
2025 23rd IEEE Interregional NEWCAS Conference (NEWCAS)2025,5
2025 IEEE 68th International Midwest Symposium on Circuits and Systems (MWSCAS)2025,5
IEEE Access2022,5
IEEE Transactions on Circuits and Systems II: Express Briefs2022,5
IEEE Transactions on Instrumentation and Measurement2025,5
IEEE Transactions on Very Large Scale Integration (VLSI) Systems2025,5
ISSCC2025,5
TMTT2023,5
2017 IEEE MTT-S International Microwave Symposium (IMS)2017,4
"2018 15th International Conference on Synthesis, Modeling, Analysis and Simulation Methods and Applications to Circuit Design (SMACD)2018",4
2020 IEEE International Symposium on Circuits and Systems (ISCAS)2020,4
2022 IEEE MTT-S International Microwave Workshop Series on Advanced Materials and Processes for RF and THz Applications (IMWS-AMP)2022,4
"2023 IEEE Microwaves, Antennas, and Propagation Conference (MAPCON)2023",4
2023 International Conference on Microwave and Millimeter Wave Technology (ICMMT)2023,4
2024 IEEE European Solid-State Electronics Research Conference (ESSERC)2024,4
2024 International Conference on Microwave and Millimeter Wave Technology (ICMMT)2024,4
2025 IEEE 17th International Conference on Electronic Measurement &amp; Instruments (ICEMI)2025,4
2025 International Symposium on Intelligent Signal Processing and Communication Systems (ISPACS)2025,4
Electronics2025,4
IEEE Internet of Things Journal2025,4
IEEE Transactions on Circuits and Systems I: Regular Papers2024,4
IEEE Transactions on Circuits and Systems I: Regular Papers2025,4
RFIC2025,4
TMTT2016,4
2018 55th ACM/ESDA/IEEE Design Automation Conference (DAC)2018,3
2018 IEEE MTT-S International Conference on Numerical Electromagnetic and Multiphysics Modeling and Optimization (NEMO)2018,3
2020 25th Asia and South Pacific Design Automation Conference (ASP-DAC)2020,3
2021 IEEE MTT-S International Microwave Symposium (IMS)2021,3
2021 International Conference on Microwave and Millimeter Wave Technology (ICMMT)2021,3
2022 IEEE 16th International Conference on Solid-State & Integrated Circuit Technology (ICSICT)2022,3
2022 IEEE/MTT-S International Microwave Symposium - IMS 20222022,3
2023 24th International Symposium on Quality Electronic Design (ISQED)2023,3
"2023 30th IEEE International Conference on Electronics, Circuits and Systems (ICECS)2023",3
2023 International Symposium of Electronics Design Automation (ISEDA)2023,3
2024 IEEE 17th International Conference on Solid-State &amp; Integrated Circuit Technology (ICSICT)2024,3
2024 IEEE 24th International Conference on Communication Technology (ICCT)2024,3
2024 IEEE Asia-Pacific Microwave Conference (APMC)2024,3
2024 IEEE MTT-S International Microwave Workshop Series on Advanced Materials and Processes for RF and THz Applications (IMWS-AMP)2024,3
2025 18th IEEE United Conference on Millimeter Waves and Terahertz Technologies (UCMMT)2025,3
2025 4th International Conference on Electronic Information Technology (EIT)2025,3
2025 55th European Microwave Conference (EuMC)2025,3
2025 Asia-Pacific Microwave Conference (APMC)2025,3
2025 Conference of Science and Technology of Integrated Circuits (CSTIC)2025,3
2025 IEEE 43rd VLSI Test Symposium (VTS)2025,3
2025 IEEE International Symposium on Antennas and Propagation and North American Radio Science Meeting (AP-S/CNC-USNC-URSI)2025,3
2025 IEEE International Workshop on Electromagnetics: Applications and Student Innovation Competition (iWEM)2025,3
2025 International Applied Computational Electromagnetics Society Symposium (ACES)2025,3
2025 International Conference on Microwave and Millimeter Wave Technology (ICMMT)2025,3
IECON 2025 – 51st Annual Conference of the IEEE Industrial Electronics Society2025,3
IEEE Journal of Selected Topics in Applied Earth Observations and Remote Sensing2025,3
IEEE Transactions on Circuits and Systems I: Regular Papers2021,3
IEEE Transactions on Circuits and Systems II: Express Briefs2023,3
JSSC2025,3
Proceedings of the 2020 ACM/IEEE Workshop on Machine Learning for CAD2020,3
RFIC2024,3
TMTT2019,3
TMTT2020,3
2018 23rd Asia and South Pacific Design Automation Conference (ASP-DAC)2018,2
2018 26th Signal Processing and Communications Applications Conference (SIU)2018,2
2018 International Conference on Electronics Technology (ICET)2018,2
"2019 14th International Conference on Advanced Technologies, Systems and Services in Telecommunications (TELSIKS)2019",2
2019 IEEE 37th VLSI Test Symposium (VTS)2019,2
2019 IEEE 62nd International Midwest Symposium on Circuits and Systems (MWSCAS)2019,2
2019 IEEE International Symposium on Radio-Frequency Integration Technology (RFIT)2019,2
2020 13th UK-Europe-China Workshop on Millimetre-Waves and Terahertz Technologies (UCMMT)2020,2
"2020 27th IEEE International Conference on Electronics, Circuits and Systems (ICECS)2020",2
2020 IEEE Electrical Design of Advanced Packaging and Systems (EDAPS)2020,2
2020 IEEE MTT-S International Conference on Numerical Electromagnetic and Multiphysics Modeling and Optimization (NEMO)2020,2
2020 International Conference on Microwave and Millimeter Wave Technology (ICMMT)2020,2
"2021 Design, Automation & Test in Europe Conference & Exhibition (DATE)2021",2
2021 IEEE 30th Conference on Electrical Performance of Electronic Packaging and Systems (EPEPS)2021,2
2021 IEEE MTT-S International Microwave Workshop Series on Advanced Materials and Processes for RF and THz Applications (IMWS-AMP)2021,2
2022 20th IEEE Interregional NEWCAS Conference (NEWCAS)2022,2
2022 23rd International Symposium on Quality Electronic Design (ISQED)2022,2
2022 52nd European Microwave Conference (EuMC)2022,2
2022 IEEE 35th International System-on-Chip Conference (SOCC)2022,2
2022 International Semiconductor Conference (CAS)2022,2
2023 16th UK-Europe-China Workshop on Millimetre Waves and Terahertz Technologies (UCMMT)2023,2
2023 22nd Mediterranean Microwave Symposium (MMS)2023,2
2023 28th International Conference on Automation and Computing (ICAC)2023,2
2023 31st Signal Processing and Communications Applications Conference (SIU)2023,2
2023 8th International Conference on Computers and Devices for Communication (CODEC)2023,2
2023 Asia-Pacific Microwave Conference (APMC)2023,2
2023 Cross Strait Radio Science and Wireless Technology Conference (CSRSWTC)2023,2
"2023 Design, Automation & Test in Europe Conference & Exhibition (DATE)2023",2
2023 IEEE AUTOTESTCON2023,2
2023 IEEE International Test Conference (ITC)2023,2
2023 IEEE MTT-S International Conference on Numerical Electromagnetic and Multiphysics Modeling and Optimization (NEMO)2023,2
2023 IEEE MTT-S International Microwave Workshop Series on Advanced Materials and Processes for RF and THz Applications (IMWS-AMP)2023,2
2023 IEEE MTT-S International Wireless Symposium (IWS)2023,2
2023 IEEE Wireless Communications and Networking Conference (WCNC)2023,2
2023 IEEE/MTT-S International Microwave Symposium - IMS 20232023,2
2023 International Applied Computational Electromagnetics Society Symposium (ACES-China)2023,2
2023 International Semiconductor Conference (CAS)2023,2
2024 10th International Conference on Electrical Energy Systems (ICEES)2024,2
2024 25th International Symposium on Quality Electronic Design (ISQED)2024,2
2024 9th International Conference on Integrated Circuits and Microsystems (ICICM)2024,2
2024 IEEE 42nd VLSI Test Symposium (VTS)2024,2
2024 IEEE 5th International Conference on Electro-Computing Technologies for Humanity (NIGERCON)2024,2
2024 IEEE 67th International Midwest Symposium on Circuits and Systems (MWSCAS)2024,2
2024 IEEE Asia Pacific Conference on Circuits and Systems (APCCAS)2024,2
2024 IEEE International Symposium on Radio-Frequency Integration Technology (RFIT)2024,2
2024 IEEE International Workshop on Radio Frequency and Antenna Technologies (iWRF&amp;AT)2024,2
"2024 IEEE Ultrasonics, Ferroelectrics, and Frequency Control Joint Symposium (UFFC-JS)2024",2
2024 Photonics & Electromagnetics Research Symposium (PIERS)2024,2
2025 37th International Symposium on Power Semiconductor Devices and ICs (ISPSD)2025,2
2025 5th International Conference on Electronic Information Engineering and Computer Communication (EIECC)2025,2
"2025 IEEE 14th International Conference on Communications, Circuits and Systems (ICCCAS)2025",2
2025 IEEE 7th International Conference on Artificial Intelligence Circuits and Systems (AICAS)2025,2
2025 IEEE International Conference on LLM-Aided Design (ICLAD)2025,2
2025 IEEE MTT-S International Wireless Symposium (IWS)2025,2
2025 IEEE Texas Symposium on Wireless and Microwave Circuits and Systems (WMCS)2025,2
2025 IEEE/ACM International Symposium on Low Power Electronics and Design (ISLPED)2025,2
2025 International Conference on Innovations and Emerging Technologies In AI &amp; Communication Systems (IETACS)2025,2
2025 Photonics &amp; Electromagnetics Research Symposium - Fall (PIERS-Fall)2025,2
2025 Photonics &amp; Electromagnetics Research Symposium - Spring (PIERS-Spring)2025,2
2025 United States National Committee of URSI National Radio Science Meeting (USNC-URSI NRSM)2025,2
GLOBECOM 2020 - 2020 IEEE Global Communications Conference2020,2
IEEE Access2018,2
IEEE Antennas and Wireless Propagation Letters2025,2
IEEE Design & Test2021,2
IEEE Design & Test2025,2
IEEE Internet of Things Journal2026,2
IEEE Journal of Microwaves2021,2
IEEE Journal of the Electron Devices Society2024,2
IEEE Microwave Magazine2025,2
IEEE Microwave and Wireless Components Letters2019,2
IEEE Transactions on Antennas and Propagation2023,2
IEEE Transactions on Circuits and Systems I: Regular Papers2018,2
IEEE Transactions on Circuits and Systems I: Regular Papers2020,2
IEEE Transactions on Circuits and Systems I: Regular Papers2023,2
IEEE Transactions on Circuits and Systems I: Regular Papers2026,2
IEEE Transactions on Circuits and Systems II: Express Briefs2024,2
IEEE Transactions on Circuits and Systems II: Express Briefs2025,2
"IEEE Transactions on Components, Packaging and Manufacturing Technology2024",2
IEEE Transactions on Computer-Aided Design of Integrated Circuits and Systems2018,2
IEEE Transactions on Computer-Aided Design of Integrated Circuits and Systems2020,2
IEEE Transactions on Computer-Aided Design of Integrated Circuits and Systems2021,2
IEEE Transactions on Electromagnetic Compatibility2022,2
IEEE Transactions on Electron Devices2021,2
IEEE Transactions on Instrumentation and Measurement2026,2
IEEE Transactions on Magnetics2025,2
IEEE Transactions on Vehicular Technology2024,2
IEEE Transactions on Vehicular Technology2025,2
IEEE Transactions on Vehicular Technology2026,2
IEEE Transactions on Very Large Scale Integration (VLSI) Systems2024,2
ISSCC2026,2
JSSC2023,2
JSSC2024,2
JSSC2026,2
Micromachines2025,2
RFIC2023,2
Scientific Reports2025,2
未知期刊/会议2023,2
未知期刊/会议2024,2
2007 2nd International Design and Test Workshop2007,1
2007 IEEE Region 5 Technical Conference2007,1
2015 10th European Microwave Integrated Circuits Conference (EuMIC)2015,1
2016 12th Conference on Ph.D. Research in Microelectronics and Electronics (PRIME)2016,1
2016 13th Symposium on Neural Networks and Applications (NEUREL)2016,1
2016 16th Mediterranean Microwave Symposium (MMS)2016,1
2016 29th International Conference on VLSI Design and 2016 15th International Conference on Embedded Systems (VLSID)2016,1
2016 Conference on Design of Circuits and Integrated Systems (DCIS)2016,1
2016 IEEE 14th International Conference on Industrial Informatics (INDIN)2016,1
2016 IEEE 34th VLSI Test Symposium (VTS)2016,1
2016 IEEE International Conference on Microwave and Millimeter Wave Technology (ICMMT)2016,1
2016 IEEE International Instrumentation and Measurement Technology Conference Proceedings2016,1
2016 IEEE International Test Conference (ITC)2016,1
2016 IEEE International Workshop on Electromagnetics: Applications and Student Innovation Competition (iWEM)2016,1
2016 IEEE MTT-S International Microwave Workshop Series on Advanced Materials and Processes for RF and THz Applications (IMWS-AMP)2016,1
2016 IEEE MTT-S Latin America Microwave Conference (LAMC)2016,1
2016 XV International Symposium Problems of Redundancy in Information and Control Systems (REDUNDANCY)2016,1
"2017 13th International Conference on Advanced Technologies, Systems and Services in Telecommunications (TELSIKS)2017",1
2017 15th IEEE International New Circuits and Systems Conference (NEWCAS)2017,1
"2017 24th IEEE International Conference on Electronics, Circuits and Systems (ICECS)2017",1
2017 30th International Conference on VLSI Design and 2017 16th International Conference on Embedded Systems (VLSID)2017,1
2017 European Conference on Circuit Theory and Design (ECCTD)2017,1
2017 IEEE 12th International Conference on ASIC (ASICON)2017,1
2017 IEEE 26th Conference on Electrical Performance of Electronic Packaging and Systems (EPEPS)2017,1
2017 IEEE 60th International Midwest Symposium on Circuits and Systems (MWSCAS)2017,1
2017 IEEE Asia Pacific Microwave Conference (APMC)2017,1
2017 IEEE Computer Society Annual Symposium on VLSI (ISVLSI)2017,1
2017 International Conference on Fuzzy Theory and Its Applications (iFUZZY)2017,1
2017 International Joint Conference on Neural Networks (IJCNN)2017,1
2017 International Symposium on Electronics and Smart Devices (ISESD)2017,1
2017 International Symposium on Intelligent Signal Processing and Communication Systems (ISPACS)2017,1
2017 Joint 17th World Congress of International Fuzzy Systems Association and 9th International Conference on Soft Computing and Intelligent Systems (IFSA-SCIS)2017,1
"2018 10th International Conference on Communications, Circuits and Systems (ICCCAS)2018",1
2018 14th International Computer Engineering Conference (ICENCO)2018,1
2018 19th International Symposium on Quality Electronic Design (ISQED)2018,1
2018 22nd International Microwave and Radar Conference (MIKON)2018,1
2018 28th International Conference Radioelektronika (RADIOELEKTRONIKA)2018,1
"2018 2nd International Conference on I-SMAC (IoT in Social, Mobile, Analytics and Cloud) (I-SMAC)I-SMAC (IoT in Social, Mobile, Analytics and Cloud) (I-SMAC), 2018 2nd International Conference on2018",1
2018 31st Symposium on Integrated Circuits and Systems Design (SBCCI)2018,1
2018 35th National Radio Science Conference (NRSC)2018,1
2018 7th International Conference on Modern Circuits and Systems Technologies (MOCAST)2018,1
2018 7th Mediterranean Conference on Embedded Computing (MECO)2018,1
2018 Conference on Emerging Devices and Smart Systems (ICEDSS)2018,1
2018 Cross Strait Quad-Regional Radio Science and Wireless Technology Conference (CSQRWC)2018,1
"2018 Electrical Power, Electronics, Communications, Controls and Informatics Seminar (EECCIS)2018",1
2018 IEEE 23rd European Test Symposium (ETS)2018,1
2018 IEEE 24th International Symposium on On-Line Testing And Robust System Design (IOLTS)2018,1
2018 IEEE 30th International Conference on Tools with Artificial Intelligence (ICTAI)2018,1
2018 IEEE 9th Latin American Symposium on Circuits & Systems (LASCAS)2018,1
"2018 IEEE International Conference on Acoustics, Speech and Signal Processing (ICASSP)2018",1
2018 IEEE International Symposium on Circuits and Systems (ISCAS)2018,1
2018 IEEE International Symposium on Radio-Frequency Integration Technology (RFIT)2018,1
2018 IEEE International Test Conference (ITC)2018,1
2018 IEEE MTT-S International Microwave and RF Conference (IMaRC)2018,1
2018 IEEE MTT-S International Wireless Symposium (IWS)2018,1
2018 IEEE Wireless Power Transfer Conference (WPTC)2018,1
2018 IEEE/MTT-S International Microwave Symposium - IMS2018,1
2018 International Conference on Artificial Intelligence and Data Processing (IDAP)2018,1
2018 International Conference on Microwave and Millimeter Wave Technology (ICMMT)2018,1
2018 International Symposium on Intelligent Signal Processing and Communication Systems (ISPACS)2018,1
"2018 International Workshop on Computing, Electromagnetics, and Machine Intelligence (CEMi)2018",1
2019 14th International Conference on Design & Technology of Integrated Systems In Nanoscale Era (DTIS)2019,1
2019 27th Signal Processing and Communications Applications Conference (SIU)2019,1
2019 27th Telecommunications Forum (TELFOR)2019,1
2019 2nd International Conference on Information Systems and Computer Aided Education (ICISCAE)2019,1
"2019 53rd Asilomar Conference on Signals, Systems, and Computers2019",1
2019 Cross Strait Quad-Regional Radio Science and Wireless Technology Conference (CSQRWC)2019,1
"2019 Design, Automation & Test in Europe Conference & Exhibition (DATE)2019",1
2019 IEEE 1st International Conference on Civil Aviation Safety and Information Technology (ICCASIT)2019,1
2019 IEEE 29th International Workshop on Machine Learning for Signal Processing (MLSP)2019,1
2019 IEEE 69th Electronic Components and Technology Conference (ECTC)2019,1
2019 IEEE 9th International Conference on Electronics Information and Emergency Communication (ICEIEC)2019,1
2019 IEEE Asia-Pacific Microwave Conference (APMC)2019,1
2019 IEEE Global Conference on Signal and Information Processing (GlobalSIP)2019,1
2019 IEEE International Conference on Computational Electromagnetics (ICCEM)2019,1
2019 IEEE International Conference on Consumer Electronics (ICCE)2019,1
2019 IEEE International Conference on Design & Test of Integrated Micro & Nano-Systems (DTS)2019,1
2019 IEEE International Symposium on Circuits and Systems (ISCAS)2019,1
2019 IEEE International Symposium on Phased Array System & Technology (PAST)2019,1
2019 IEEE Latin American Test Symposium (LATS)2019,1
2019 IEEE MTT-S International Microwave Symposium (IMS)2019,1
2019 IEEE MTT-S International Wireless Symposium (IWS)2019,1
2019 IEEE Wireless Power Transfer Conference (WPTC)2019,1
2019 International Conference on Microwave and Millimeter Wave Technology (ICMMT)2019,1
2019 International SoC Design Conference (ISOCC)2019,1
"2019 Joint International Symposium on Electromagnetic Compatibility, Sapporo and Asia-Pacific International Symposium on Electromagnetic Compatibility (EMC Sapporo/APEMC)2019",1
2019 Medical Technologies Congress (TIPTEKNO)2019,1
2019 National Conference on Communications (NCC)2019,1
2019 Photonics & Electromagnetics Research Symposium - Fall (PIERS - Fall)2019,1
2019 Wave Electronics and its Application in Information and Telecommunication Systems (WECONF)2019,1
2020 15th International Conference on Computer Engineering and Systems (ICCES)2020,1
2020 24th International Symposium on VLSI Design and Test (VDAT)2020,1
2020 28th Iranian Conference on Electrical Engineering (ICEE)2020,1
2020 32nd International Conference on Microelectronics (ICM)2020,1
2020 37th National Radio Science Conference (NRSC)2020,1
2020 43rd International Conference on Telecommunications and Signal Processing (TSP)2020,1
2020 50th European Microwave Conference (EuMC)2021,1
"2020 55th International Scientific Conference on Information, Communication and Energy Systems and Technologies (ICEST)2020",1
2020 European Conference on Circuit Theory and Design (ECCTD)2020,1
2020 IEEE 29th Asian Test Symposium (ATS)2020,1
2020 IEEE 29th Conference on Electrical Performance of Electronic Packaging and Systems (EPEPS)2020,1
2020 IEEE 5th International Conference on Integrated Circuits and Microsystems (ICICM)2020,1
2020 IEEE 63rd International Midwest Symposium on Circuits and Systems (MWSCAS)2020,1
2020 IEEE 6th International Conference on Computer and Communications (ICCC)2020,1
2020 IEEE 9th Data Driven Control and Learning Systems Conference (DDCLS)2020,1
2020 IEEE Asia-Pacific Microwave Conference (APMC)2020,1
2020 IEEE Computer Society Annual Symposium on VLSI (ISVLSI)2020,1
2020 IEEE East-West Design & Test Symposium (EWDTS)2020,1
2020 IEEE International Conference on Communications Workshops (ICC Workshops)2020,1
2020 IEEE International Conference on Design & Test of Integrated Micro & Nano-Systems (DTS)2020,1
2020 IEEE International Conference on Electrical Engineering and Photonics (EExPolytech)2020,1
"2020 IEEE International Students' Conference on Electrical,Electronics and Computer Science (SCEECS)2020",1
2020 IEEE International Symposium on Radio-Frequency Integration Technology (RFIT)2020,1
2020 IEEE International Test Conference India2020,1
2020 IEEE Latin-American Test Symposium (LATS)2020,1
2020 IEEE MTT-S International Microwave Workshop Series on Advanced Materials and Processes for RF and THz Applications (IMWS-AMP)2020,1
2020 IEEE Texas Symposium on Wireless and Microwave Circuits and Systems (WMCS)2020,1
2020 IEEE/MTT-S International Microwave Symposium (IMS)2020,1
"2020 International Conference on Communications, Computing, Cybersecurity, and Informatics (CCCI)2020",1
2020 International Conference on Electrical and Electronics Engineering (ICE3)2020,1
2020 International Conference on Simulation of Semiconductor Processes and Devices (SISPAD)2020,1
2020 International Symposium on Antennas and Propagation (ISAP)2021,1
"2020 International Symposium on Computer, Consumer and Control (IS3C)2020",1
2020 International Symposium on Electromagnetic Compatibility - EMC EUROPE2020,1
2020 International Workshop on Electromagnetics: Applications and Student Innovation Competition (iWEM)2020,1
"2020 International Youth Conference on Radio Electronics, Electrical and Power Engineering (REEPE)2020",1
2021 13th International Conference on Electrical and Electronics Engineering (ELECO)2021,1
2021 14th International Conference on Developments in eSystems Engineering (DeSE)2021,1
2021 22nd International Conference on Electronic Packaging Technology (ICEPT)2021,1
2021 25th International Symposium on VLSI Design and Test (VDAT)2021,1
"2021 2nd International Conference on Electronics, Communications and Information Technology (CECIT)2021",1
2021 32nd Irish Signals and Systems Conference (ISSC)2021,1
2021 34th International Conference on VLSI Design and 2021 20th International Conference on Embedded Systems (VLSID)2021,1
2021 34th SBC/SBMicro/IEEE/ACM Symposium on Integrated Circuits and Systems Design (SBCCI)2021,1
2021 4th Biennial International Conference on Nascent Technologies in Engineering (ICNTE)2021,1
"2021 4th International Conference on Advanced Electronic Materials, Computers and Software Engineering (AEMCSE)2021",1
"2021 55th Asilomar Conference on Signals, Systems, and Computers2021",1
2021 6th International Conference for Convergence in Technology (I2CT)2021,1
"2021 6th South-East Europe Design Automation, Computer Engineering, Computer Networks and Social Media Conference (SEEDA-CECNSM)2021",1
2021 7th International Conference on Computer and Communications (ICCC)2021,1
2021 Asia-Pacific International Symposium on Electromagnetic Compatibility (APEMC)2021,1
"2021 Fourth International Conference on Electrical, Computer and Communication Technologies (ICECCT)2021",1
"2021 IEEE 12th Annual Ubiquitous Computing, Electronics & Mobile Communication Conference (UEMCON)2021",1
2021 IEEE 12th Latin America Symposium on Circuits and System (LASCAS)2021,1
2021 IEEE 17th International Conference on Automation Science and Engineering (CASE)2021,1
2021 IEEE 21st Annual Wireless and Microwave Technology Conference (WAMICON)2021,1
2021 IEEE 2nd China International Youth Conference on Electrical Engineering (CIYCEE)2021,1
"2021 IEEE 2nd International Conference on Applied Electromagnetics, Signal Processing, & Communication (AESPC)2021",1
2021 IEEE Asia-Pacific Microwave Conference (APMC)2021,1
2021 IEEE Conference on Antenna Measurements & Applications (CAMA)2021,1
2021 IEEE Global Communications Conference (GLOBECOM)2021,1
"2021 IEEE International Conference on Microwaves, Antennas, Communications and Electronic Systems (COMCAS)2021",1
"2021 IEEE International Conference on Power Electronics, Computer Applications (ICPECA)2021",1
"2021 IEEE International IOT, Electronics and Mechatronics Conference (IEMTRONICS)2021",1
2021 IEEE International Symposium on Antennas and Propagation and USNC-URSI Radio Science Meeting (APS/URSI)2021,1
2021 IEEE International Workshop on Electromagnetics: Applications and Student Innovation Competition (iWEM)2021,1
2021 IEEE MTT-S International Microwave and RF Conference (IMARC)2021,1
2021 IEEE MTT-S International Wireless Symposium (IWS)2021,1
2021 IEEE Radar Conference (RadarConf21)2021,1
2021 IEEE-APS Topical Conference on Antennas and Propagation in Wireless Communications (APWC)2021,1
2021 IEEE/ACM International Conference On Computer Aided Design (ICCAD)2021,1
2021 International Conference on Advanced Technology of Electrical Engineering and Energy (ATEEE)2021,1
2021 International Conference on Electrical Engineering and Photonics (EExPolytech)2021,1
2021 International Conference on Information Networking (ICOIN)2021,1
"2021 International Conference on Innovative Computing, Intelligent Communication and Smart Electrical Systems (ICSES)2021",1
2021 International Conference on Microelectronics (ICM)2021,1
2021 International Semiconductor Conference (CAS)2021,1
2022 11th International Conference on Modern Circuits and Systems Technologies (MOCAST)2022,1
2022 23rd International Conference on Electronic Packaging Technology (ICEPT)2022,1
2022 2nd International Conference on Intelligent Technologies (CONIT)2022,1
2022 Asia-Pacific Microwave Conference (APMC)2022,1
2022 Conference of Russian Young Researchers in Electrical and Electronic Engineering (ElConRus)2022,1
"2022 Design, Automation & Test in Europe Conference & Exhibition (DATE)2022",1
"2022 IEEE 10th International Conference on Information, Communication and Networks (ICICN)2022",1
"2022 IEEE 16th International Conference on Anti-counterfeiting, Security, and Identification (ASID)2022",1
2022 IEEE 4th International Conference on Artificial Intelligence Circuits and Systems (AICAS)2022,1
2022 IEEE 65th International Midwest Symposium on Circuits and Systems (MWSCAS)2022,1
"2022 IEEE 9th International Symposium on Microwave, Antenna, Propagation and EMC Technologies for Wireless Communications (MAPE)2022",1
2022 IEEE Conference on Antenna Measurements and Applications (CAMA)2022,1
2022 IEEE International Conference on Consumer Electronics (ICCE)2022,1
"2022 IEEE International Conference on Signal Processing, Communications and Computing (ICSPCC)2022",1
2022 IEEE International Parallel and Distributed Processing Symposium Workshops (IPDPSW)2022,1
2022 IEEE International Symposium on Antennas and Propagation and USNC-URSI Radio Science Meeting (AP-S/URSI)2022,1
2022 IEEE International Symposium on Radio-Frequency Integration Technology (RFIT)2022,1
2022 IEEE International Test Conference (ITC)2022,1
2022 IEEE International Test Conference India (ITC India)2022,1
2022 IEEE MTT-S International Conference on Numerical Electromagnetic and Multiphysics Modeling and Optimization (NEMO)2022,1
2022 IEEE MTT-S International Wireless Symposium (IWS)2022,1
"2022 IEEE Microwaves, Antennas, and Propagation Conference (MAPCON)2022",1
2022 IEEE Wireless Communications and Networking Conference (WCNC)2022,1
2022 IEEE-APS Topical Conference on Antennas and Propagation in Wireless Communications (APWC)2022,1
2022 IEEE/CIC International Conference on Communications in China (ICCC)2022,1
2022 International Conference on Electromagnetics in Advanced Applications (ICEAA)2022,1
2022 International Conference on Hardware/Software Codesign and System Synthesis (CODES+ISSS)2022,1
2022 International Conference on Microwave and Millimeter Wave Technology (ICMMT)2022,1
2022 International Symposium on Antennas and Propagation (ISAP)2022,1
2022 New Trends in Signal Processing (NTSP)2022,1
2022 United States National Committee of URSI National Radio Science Meeting (USNC-URSI NRSM)2022,1
2023 14th International Conference on Electrical and Electronics Engineering (ELECO)2023,1
2023 15th International Conference on Advanced Computational Intelligence (ICACI)2023,1
"2023 16th International Conference on Advanced Technologies, Systems and Services in Telecommunications (TELSIKS)2023",1
2023 16th International Conference on Sensing Technology (ICST)2023,1
2023 1st International Conference on Cognitive Computing and Engineering Education (ICCCEE)2023,1
2023 20th International SoC Design Conference (ISOCC)2023,1
2023 24th International Conference on Electronic Packaging Technology (ICEPT)2023,1
"2023 27th International Conference on Circuits, Systems, Communications and Computers (CSCC)2023",1
2023 2nd International Conference on Futuristic Technologies (INCOFT)2023,1
2023 31st International Conference on Electrical Engineering (ICEE)2023,1
2023 34th Irish Signals and Systems Conference (ISSC)2023,1
2023 36th SBC/SBMicro/IEEE/ACM Symposium on Integrated Circuits and Systems Design (SBCCI)2023,1
2023 4th International Conference on Electronics and Sustainable Communication Systems (ICESC)2023,1
2023 4th International Symposium on Computer Engineering and Intelligent Communications (ISCEIC)2023,1
2023 5th International Academic Exchange Conference on Science and Technology Innovation (IAECST)2023,1
2023 6th International Conference on Advanced Communication Technologies and Networking (CommNet)2023,1
2023 6th International Conference on Artificial Intelligence and Big Data (ICAIBD)2023,1
2023 6th International Conference on Communication Engineering and Technology (ICCET)2023,1
2023 6th International Conference on Signal Processing and Information Security (ICSPIS)2023,1
2023 7th IEEE Electron Devices Technology & Manufacturing Conference (EDTM)2023,1
"2023 7th International Conference on Electronics, Materials Engineering & Nano-Technology (IEMENTech)2023",1
2023 8th IEEE International Conference on Network Intelligence and Digital Content (IC-NIDC)2023,1
2023 IEEE 16th International Conference on Electronic Measurement & Instruments (ICEMI)2023,1
2023 IEEE 2nd Industrial Electronics Society Annual On-Line Conference (ONCON)2023,1
"2023 IEEE 34th Annual International Symposium on Personal, Indoor and Mobile Radio Communications (PIMRC)2023",1
2023 IEEE 4th International Multidisciplinary Conference on Engineering Technology (IMCET)2023,1
2023 IEEE 66th International Midwest Symposium on Circuits and Systems (MWSCAS)2023,1
2023 IEEE 98th Vehicular Technology Conference (VTC2023-Fall)2023,1
2023 IEEE AFRICON2023,1
2023 IEEE Asia Pacific Conference on Circuits and Systems (APCCAS)2023,1
2023 IEEE International Conference on Image Processing and Computer Applications (ICIPCA)2023,1
2023 IEEE International Opportunity Research Scholars Symposium (ORSS)2023,1
2023 IEEE International Symposium On Antennas And Propagation (ISAP)2023,1
2023 IEEE Physical Assurance and Inspection of Electronics (PAINE)2023,1
2023 IEEE Topical Conference on RF/Microwave Power Amplifiers for Radio and Wireless Applications2023,1
"2023 International Conference on Control, Communication and Computing (ICCC)2023",1
2023 International Conference on Electromagnetics in Advanced Applications (ICEAA)2023,1
2023 International Conference on Future Communications and Networks (FCN)2023,1
2023 International Conference on Microelectronics (ICM)2023,1
"2023 International Conference on Modeling, Simulation &amp; Intelligent Computing (MoSICom)2023",1
2023 International Symposium on Electrical and Electronics Engineering (ISEE)2023,1
"2023 International Technical Conference on Circuits/Systems, Computers, and Communications (ITC-CSCC)2023",1
2023 Symposium on Internet of Things (SIoT)2023,1
2023 URSI International Symposium on Electromagnetic Theory (EMTS)2023,1
2023 XXXVth General Assembly and Scientific Symposium of the International Union of Radio Science (URSI GASS)2023,1
2024 15th International Conference on Computing Communication and Networking Technologies (ICCCNT)2024,1
2024 17th International Conference on Signal Processing and Communication System (ICSPCS)2024,1
2024 19th Conference on Ph.D Research in Microelectronics and Electronics (PRIME)2024,1
2024 22nd IEEE Interregional NEWCAS Conference (NEWCAS)2024,1
2024 2nd International Conference on Emerging Trends in Engineering and Medical Sciences (ICETEMS)2024,1
"2024 31st IEEE International Conference on Electronics, Circuits and Systems (ICECS)2024",1
2024 32nd Signal Processing and Communications Applications Conference (SIU)2024,1
2024 4th International Conference on Artificial Intelligence and Signal Processing (AISP)2024,1
2024 4th International Conference on Electrical Engineering and Control Science (IC2ECS)2024,1
2024 54th European Microwave Conference (EuMC)2024,1
2024 6th International Academic Exchange Conference on Science and Technology Innovation (IAECST)2024,1
2024 6th International Conference on Circuits and Systems (ICCS)2024,1
"2024 6th International Youth Conference on Radio Electronics, Electrical and Power Engineering (REEPE)2024",1
2024 7th International Conference on Electronics Technology (ICET)2024,1
2024 8th International Symposium on Innovative Approaches in Smart Technologies (ISAS)2024,1
2024 9th International Conference on Computer and Communication Systems (ICCCS)2024,1
"2024 9th International Conference on Integrated Circuits, Design, and Verification (ICDV)2024",1
2024 9th International Conference on Smart and Sustainable Technologies (SpliTech)2024,1
2024 ACM/IEEE 6th Symposium on Machine Learning for CAD (MLCAD)2024,1
2024 Conference of Science and Technology for Integrated Circuits (CSTIC)2024,1
2024 Cross Strait Radio Science and Wireless Technology Conference (CSRSWTC)2024,1
"2024 First International Conference on Electronics, Communication and Signal Processing (ICECSP)2024",1
"2024 IEEE 10th International Symposium on Microwave, Antenna, Propagation and EMC Technologies for Wireless Communications (MAPE)2024",1
2024 IEEE 12th Asia-Pacific Conference on Antennas and Propagation (APCAP)2024,1
2024 IEEE 20th International Conference on Intelligent Computer Communication and Processing (ICCP)2024,1
2024 IEEE 21st India Council International Conference (INDICON)2024,1
2024 IEEE 25th International Conference of Young Professionals in Electron Devices and Materials (EDM)2024,1
2024 IEEE 37th International System-on-Chip Conference (SOCC)2024,1
2024 IEEE 6th International Conference on AI Circuits and Systems (AICAS)2024,1
2024 IEEE 6th International Conference on Civil Aviation Safety and Information Technology (ICCASIT)2024,1
2024 IEEE 7th International Conference on Electronic Information and Communication Technology (ICEICT)2024,1
2024 IEEE Computer Society Annual Symposium on VLSI (ISVLSI)2024,1
"2024 IEEE International Conference on Electronics, Computing and Communication Technologies (CONECCT)2024",1
2024 IEEE International Conference on Interdisciplinary Approaches in Technology and Management for Social Innovation (IATMSI)2024,1
2024 IEEE International Symposium on Broadband Multimedia Systems and Broadcasting (BMSB)2024,1
2024 IEEE International Test Conference (ITC)2024,1
2024 IEEE Latin American Electron Devices Conference (LAEDC)2024,1
2024 IEEE MTT-S International Conference on Microwave Acoustics &amp; Mechanics (IC-MAM)2024,1
2024 IEEE MTT-S International Wireless Symposium (IWS)2024,1
"2024 IEEE Microwaves, Antennas, and Propagation Conference (MAPCON)2024",1
2024 IEEE Opto-Electronics and Communications Conference (OECC)2024,1
2024 IEEE Radio and Wireless Symposium (RWS)2024,1
2024 IEEE Silicon Photonics Conference (SiPhotonics)2024,1
2024 IEEE Symposium on Industrial Electronics &amp; Applications (ISIEA)2024,1
2024 IEEE Wireless Antenna and Microwave Symposium (WAMS)2024,1
2024 IEEE Wireless Power Technology Conference and Expo (WPTCE)2024,1
2024 IFIP/IEEE 32nd International Conference on Very Large Scale Integration (VLSI-SoC)2024,1
2024 International Conference on Advanced Technologies for Communications (ATC)2024,1
"2024 International Conference on Advances in Computing, Communication and Materials (ICACCM)2024",1
"2024 International Conference on Electronics, Information, and Communication (ICEIC)2024",1
2024 International Conference on Integrated Circuits and Communication Systems (ICICACS)2024,1
"2024 International Conference on Modeling, Simulation &amp; Intelligent Computing (MoSICom)2024",1
2024 International Conference on Recent Advances in Science and Engineering Technology (ICRASET)2024,1
"2024 International Conference on Sensing, Measurement &amp; Data Analytics in the era of Artificial Intelligence (ICSMD)2024",1
2024 International Conference on Smart Electronics and Communication Systems (ISENSE)2024,1
2024 International Conference on Social and Sustainable Innovations in Technology and Engineering (SASI-ITE)2024,1
2024 International Symposium on Intelligent Signal Processing and Communication Systems (ISPACS)2024,1
2024 International Topical Meeting on Microwave Photonics (MWP)2024,1
2024 Second International Conference Computational and Characterization Techniques in Engineering &amp; Sciences (IC3TES)2024,1
2024 United States National Committee of URSI National Radio Science Meeting (USNC-URSI NRSM)2024,1
2025 10th Asia Conference on Power and Electrical Engineering (ACPEE)2025,1
2025 10th International Conference on Integrated Circuits and Microsystems (ICICM)2025,1
2025 10th International Workshop on Advances in Sensors and Interfaces (IWASI)2025,1
2025 13th International Conference on Intelligent Computing and Wireless Optical Communications (ICWOC)2025,1
2025 16th German Microwave Conference (GeMiC)2025,1
"2025 16th International Conference on Reliability, Maintainability and Safety (ICRMS)2025",1
2025 17th International Conference on Electromagnetic Interference and Compatibility (INCEMIC)2025,1
2025 19th European Conference on Antennas and Propagation (EuCAP)2025,1
2025 20th European Microwave Integrated Circuits Conference (EuMIC)2025,1
2025 23rd International Conference on Optical Communications and Networks (ICOCN)2025,1
2025 2nd International Conference on Artificial Intelligence and Knowledge Discovery in Concurrent Engineering (ICECONF)2025,1
"2025 2nd International Conference on Digital Media, Communication and Information Systems (DMCIS)2025",1
2025 2nd International Conference on Electronic Engineering and Information Systems (EEISS)2025,1
2025 2nd International Conference on Trends in Engineering Systems and Technologies (ICTEST)2025,1
2025 33rd European Signal Processing Conference (EUSIPCO)2025,1
2025 37th International Conference on Microelectronics (ICM)2025,1
2025 3rd Cognitive Models and Artificial Intelligence Conference (AICCONF)2025,1
"2025 3rd International Conference on Advancements in Electrical, Electronics, Communication, Computing and Automation (ICAECA)2025",1
2025 3rd International Conference on Integrated Circuits and Communication Systems (ICICACS)2025,1
2025 3rd International Conference on Ubiquitous Communication (Ucom)2025,1
"2025 5th International Conference on Computer Science, Electronic Information Engineering and Intelligent Control Technology (CEI)2025",1
2025 5th International Conference on Electronic Information Engineering and Computer Science (EIECS)2025,1
"2025 5th International Conference on Emerging Research in Electronics, Computer Science and Technology (ICERECT)2025",1
2025 5th International Conference on Evolutionary Computing and Mobile Sustainable Networks (ICECMSN)2025,1
2025 5th International Conference on Mechanical Automation and Electronic Information Engineering (MAEIE)2025,1
2025 5th International Conference on Trends in Material Science and Inventive Materials (ICTMIM)2025,1
"2025 6th International Conference on Electrical, Electronic Information and Communication Engineering (EEICE)2025",1
2025 6th International Conference on Electronic Communication and Artificial Intelligence (ICECAI)2025,1
2025 7th International Conference on Electronic Engineering and Informatics (EEI)2025,1
2025 7th International Symposium on Robotics and Intelligent Manufacturing Technology (ISRIMT)2025,1
2025 8th International Advanced Research Workshop on Transformers (ARWtr)2025,1
2025 8th International Conference on Artificial Intelligence and Big Data (ICAIBD)2025,1
2025 9th IEEE Electron Devices Technology &amp; Manufacturing Conference (EDTM)2025,1
2025 9th International Conference on Computational System and Information Technology for Sustainable Solutions (CSITSS)2025,1
2025 Asia Pacific Signal and Information Processing Association Annual Summit and Conference (APSIPA ASC)2025,1
2025 Conference on Lasers and Electro-Optics Europe &amp; European Quantum Electronics Conference (CLEO/Europe-EQEC)2025,1
2025 Energy Conversion Congress &amp; Expo Europe (ECCE Europe)2025,1
2025 IEEE 14th International Conference on Communication Systems and Network Technologies (CSNT)2025,1
"2025 IEEE 16th Annual Information Technology, Electronics and Mobile Communication Conference (IEMCON)2025",1
2025 IEEE 22nd India Council International Conference (INDICON)2025,1
2025 IEEE 27th Electronics Packaging Technology Conference (EPTC)2025,1
2025 IEEE 31st International Symposium on On-Line Testing and Robust System Design (IOLTS)2025,1
2025 IEEE 34th International Conference on Microelectronics (MIEL)2025,1
2025 IEEE 34th Wireless and Optical Communications Conference (WOCC)2025,1
2025 IEEE 3rd Global Conference on Wireless Computing and Networking (GCWCN)2025,1
2025 IEEE 9th International Test Conference India (ITC India)2025,1
2025 IEEE Asia Pacific Conference on Circuits and Systems (APCCAS)2025,1
2025 IEEE International Conference on Emerging Trends in Engineering and Computing (ETECOM)2025,1
2025 IEEE International Microwave and Antenna Symposium (IMAS)2025,1
2025 IEEE International RF and Microwave Conference (RFM)2025,1
2025 IEEE International Symposium on Hardware Oriented Security and Trust (HOST)2025,1
"2025 IEEE Microwaves, Antennas, and Propagation Conference (MAPCON)2025",1
2025 IEEE Radio and Wireless Symposium (RWS)2025,1
2025 IEEE Region 10 Symposium (TENSYMP)2025,1
2025 IEEE Silchar Subsection Conference (SILCON)2025,1
"2025 IEEE Space, Aerospace and Defence Conference (SPACE)2025",1
2025 IEEE Wireless Communications and Networking Conference (WCNC)2025,1
2025 IEEE Wireless Power Technology Conference and Expo (WPTCE)2025,1
2025 IEEE Wireless and Microwave Technology Conference (WAMICON)2025,1
2025 International Conference on Applied Electrical Engineering and Technology (AEET)2025,1
2025 International Conference on Applied Electronics (AE)2025,1
"2025 International Conference on Artificial Intelligence, Computer, Data Sciences and Applications (ACDSA)2025",1
2025 International Conference on Electrical and Computer Engineering Researches (ICECER)2025,1
"2025 International Conference on Electrical, Electronics, and Computer Science with Advance Power Technologies - A Future Trends (ICE2CPT)2025",1
2025 International Conference on Electromagnetics in Advanced Applications (ICEAA)2025,1
"2025 International Conference on Electronics, Information, and Communication (ICEIC)2025",1
2025 International Conference on Intelligent Innovations in Engineering and Technology (ICIIET)2025,1
"2025 International Conference on Modeling, Simulation &amp; Intelligent Computing (MoSICom)2025",1
"2025 International Conference on Quantum Photonics, Artificial Intelligence, and Networking (QPAIN)2025",1
2025 International Semiconductor Conference (CAS)2025,1
2025 International Workshop on Integrated Nonlinear Microwave and Millimetre-Wave Circuits (INMMIC)2025,1
2025 Photonics North (PN)2025,1
"2025 Seventh International Symposium on Computer, Consumer and Control (IS3C)2025",1
2025 Systems of Signals Generating and Processing in the Field of on Board Communications2025,1
"2026 5th International Conference on Communication, Computing and Electronics Systems (ICCCES)2026",1
"2026 9th International Conference on Electronics, Materials Engineering &amp; Nano-Technology (IEMENTech)2026",1
2026 IEEE 17th Latin America Symposium on Circuits and System (LASCAS)2026,1
2026 IEEE 26th Topical Meeting on Silicon Monolithic Integrated Circuits in RF Systems (SiRF)2026,1
2026 IEEE 39th International Conference on Micro Electro Mechanical Systems (MEMS)2026,1
2026 IEEE International Microwave Filter Workshop (IMFW)2026,1
2026 International Conference on Communication Networks and Machine Learning (CNML)2026,1
"2026 International Conference on Computing, Networking and Communications (ICNC)2026",1
2026 International Conference on Signal Processing and Electronics Design (ICSPED)2026,1
45th European Conference on Optical Communication (ECOC 2019)2019,1
A-SSCC2021,1
ACM Transactions on Design Automation of Electronic Systems2024,1
AI-EDU Arxiv2025,1
ASPDAC '25: 30th Asia and South Pacific Design Automation Conference2025,1
Advanced Photonics Nexus2026,1
Applied Optics2025,1
CICC2007,1
CICC2020,1
Communications of the ACM2018,1
Computer2025,1
Creative Education Studies2026,1
DAC '24: 61st ACM/IEEE Design Automation Conference2024,1
"Design, Automation & Test in Europe Conference & Exhibition (DATE), 20172017",1
ESSCIRC 2022- IEEE 48th European Solid State Circuits Conference (ESSCIRC)2022,1
ESSDERC 2022 - IEEE 52nd European Solid-State Device Research Conference (ESSDERC)2022,1
Electronics2021,1
Electronics2022,1
Electronics2023,1
Energies2025,1
Engineering Applications of Artificial Intelligence2026,1
Fluids2025,1
Foundations and Trends® in Machine Learning2012,1
Handbook of Sport Psychology2020,1
"ICASSP 2020 - 2020 IEEE International Conference on Acoustics, Speech and Signal Processing (ICASSP)2020",1
"ICASSP 2023 - 2023 IEEE International Conference on Acoustics, Speech and Signal Processing (ICASSP)2023",1
"ICASSP 2024 - 2024 IEEE International Conference on Acoustics, Speech and Signal Processing (ICASSP)2024",1
ICC 2025 - IEEE International Conference on Communications2025,1
ICCAD '24: 43rd IEEE/ACM International Conference on Computer-Aided Design2024,1
IEEE Access2016,1
IEEE Access2021,1
IEEE Antennas and Wireless Propagation Letters2022,1
IEEE Antennas and Wireless Propagation Letters2023,1
IEEE Antennas and Wireless Propagation Letters2026,1
IEEE Communications Letters2024,1
IEEE Communications Letters2025,1
IEEE Electromagnetic Compatibility Magazine2023,1
IEEE Electron Device Letters2020,1
IEEE Electron Device Letters2024,1
IEEE Journal of Emerging and Selected Topics in Power Electronics2024,1
IEEE Journal of Microwaves2023,1
IEEE Journal of Microwaves2025,1
IEEE Journal of the Electron Devices Society2023,1
IEEE Journal of the Electron Devices Society2025,1
IEEE Journal on Emerging and Selected Topics in Circuits and Systems2018,1
IEEE Journal on Emerging and Selected Topics in Circuits and Systems2025,1
IEEE Journal on Flexible Electronics2024,1
IEEE Journal on Wireless Power Technologies2026,1
IEEE Microwave Magazine2015,1
IEEE Microwave Magazine2026,1
IEEE Microwave and Wireless Components Letters2016,1
IEEE Microwave and Wireless Components Letters2018,1
IEEE Microwave and Wireless Components Letters2020,1
IEEE Nanotechnology Magazine2025,1
IEEE Open Journal of Antennas and Propagation2022,1
IEEE Open Journal of Antennas and Propagation2023,1
IEEE Open Journal of Antennas and Propagation2025,1
IEEE Open Journal of Circuits and Systems2023,1
IEEE Open Journal of Circuits and Systems2025,1
IEEE Open Journal of Power Electronics2020,1
IEEE Open Journal of Signal Processing2025,1
IEEE Open Journal of the Communications Society2026,1
IEEE Open Journal of the Solid-State Circuits Society2024,1
IEEE Sensors Journal2016,1
IEEE Sensors Journal2017,1
IEEE Sensors Journal2019,1
IEEE Solid-State Circuits Magazine2019,1
IEEE Solid-State Circuits Magazine2024,1
IEEE Transactions on Antennas and Propagation2022,1
IEEE Transactions on Antennas and Propagation2024,1
IEEE Transactions on Antennas and Propagation2026,1
IEEE Transactions on Applied Superconductivity2021,1
IEEE Transactions on Circuits and Systems I: Regular Papers2010,1
IEEE Transactions on Circuits and Systems I: Regular Papers2017,1
IEEE Transactions on Circuits and Systems II: Express Briefs2021,1
IEEE Transactions on Circuits and Systems for Artificial Intelligence2026,1
IEEE Transactions on Communications2020,1
"IEEE Transactions on Components, Packaging and Manufacturing Technology2016",1
"IEEE Transactions on Components, Packaging and Manufacturing Technology2021",1
"IEEE Transactions on Components, Packaging and Manufacturing Technology2023",1
IEEE Transactions on Computer-Aided Design of Integrated Circuits and Systems2007,1
IEEE Transactions on Computer-Aided Design of Integrated Circuits and Systems2009,1
IEEE Transactions on Computer-Aided Design of Integrated Circuits and Systems2011,1
IEEE Transactions on Computer-Aided Design of Integrated Circuits and Systems2012,1
IEEE Transactions on Computer-Aided Design of Integrated Circuits and Systems2019,1
IEEE Transactions on Electromagnetic Compatibility2024,1
IEEE Transactions on Electromagnetic Compatibility2026,1
IEEE Transactions on Electron Devices2008,1
IEEE Transactions on Electron Devices2009,1
IEEE Transactions on Electron Devices2023,1
IEEE Transactions on Electron Devices2024,1
IEEE Transactions on Electron Devices2025,1
IEEE Transactions on Electron Devices2026,1
IEEE Transactions on Emerging Topics in Computing2020,1
IEEE Transactions on Industrial Electronics2022,1
IEEE Transactions on Industrial Electronics2025,1
IEEE Transactions on Instrumentation and Measurement2017,1
IEEE Transactions on Instrumentation and Measurement2023,1
IEEE Transactions on Instrumentation and Measurement2024,1
IEEE Transactions on Magnetics2009,1
IEEE Transactions on Nanotechnology2025,1
IEEE Transactions on Neural Networks and Learning Systems2022,1
IEEE Transactions on Nuclear Science2021,1
IEEE Transactions on Nuclear Science2024,1
IEEE Transactions on Pattern Analysis and Machine Intelligence2013,1
IEEE Transactions on Power Electronics2024,1
IEEE Transactions on Semiconductor Manufacturing2023,1
IEEE Transactions on Signal Processing2025,1
IEEE Transactions on Signal and Power Integrity2025,1
IEEE Transactions on Vehicular Technology2022,1
IEEE Transactions on Very Large Scale Integration (VLSI) Systems2018,1
IEEE Transactions on Very Large Scale Integration (VLSI) Systems2021,1
IEEE Transactions on Very Large Scale Integration (VLSI) Systems2022,1
IEEE Wireless Communications2025,1
IET Conference Proceedings2025,1
ISSCC2020,1
ISSCC2022,1
ISSCC2024,1
Integrated Circuits and Systems2025,1
International Electron Devices Meeting 1998. Technical Digest (Cat. No.98CH36217)1998,1
JSSC1998,1
JSSC2000,1
JSSC2011,1
JSSC2019,1
JSSC2022,1
Journal of Computational Design and Engineering2024,1
Journal of Computational Physics2019,1
Journal of Computing and Electronic Information Management2025,1
Journal of Computing and Information Science in Engineering2025,1
Journal of Daylighting2023,1
Journal of Physics: Conference Series2019,1
Lecture Notes in Computer Science2019,1
Mathematics2025,1
Micromachines2020,1
Micromachines2021,1
Micromachines2023,1
New Library World2004,1
Nordic Journal of Studies in Policing2023,1
Proceedings of ASP-DAC 95/CHDL 95/VLSI 95 with EDA Technofair ASPDAC-951995,1
Proceedings of IEEE International Conference on Evolutionary Computation1996,1
Proceedings of the 2016 Conference of the North American Chapter of the Association for Computational Linguistics: Demonstrations2016,1
Proceedings of the 2022 ACM/IEEE Workshop on Machine Learning for CAD2022,1
Proceedings of the 24th Asia and South Pacific Design Automation Conference2019,1
Proceedings of the 39th International Conference on Computer-Aided Design2020,1
Proceedings of the 41st IEEE/ACM International Conference on Computer-Aided Design2022,1
Proceedings of the 54th Annual Design Automation Conference 20172017,1
Proceedings of the AAAI Conference on Artificial Intelligence2024,1
Proceedings of the ASP-DAC 2005 Asia and South Pacific Design Automation Conference 2005 ASPDAC-052005,1
Proceedings of the Bulgarian Academy of Sciences2022,1
Proceedings of the Great Lakes Symposium on VLSI 20242024,1
Proceedings of the International Conference on Computer-Aided Design2018,1
Progress In Electromagnetics Research2004,1
RF Circuit Design2012,1
RFIC2001,1
RFIC2008,1
RFIC2020,1
RFIC2021,1
Radio‐Frequency Integrated‐Circuit Engineering2015,1
Scientific Reports2024,1
Sensors2019,1
SiP‐System in Package Design and Simulation2017,1
TENCON 2025 - 2025 IEEE Region 10 Conference (TENCON)2025,1
TMTT2010,1
TMTT2012,1
TMTT2017,1
TMTT2018,1
TMTT2021,1
The Information Retrieval Series2004,1
Tsinghua Science and Technology2022,1
Четырнадцатая международная мультиконференция : Тез. докл.2024,1
未知期刊/会议2022,1
